topic,year,pubs,cites
3D Printing in Biomedical Research,2022,1,1
3D Shape Modeling and Analysis,2024,1,0
3D Surveying and Cultural Heritage,1995,1,0
3D Surveying and Cultural Heritage,2015,1,0
3D Surveying and Cultural Heritage,2023,4,33
3D Surveying and Cultural Heritage,2024,3,11
3D Surveying and Cultural Heritage,2026,1,0
Academic and Historical Perspectives in Psychology,2006,1,0
Academic and Historical Perspectives in Psychology,2015,1,0
Acoustic Wave Resonator Technologies,2018,1,0
Adsorption and biosorption for pollutant removal,2024,1,3
Advanced Algorithms and Applications,2010,1,1
Advanced battery technologies research,2025,1,3
Advanced Battery Technologies Research,2025,1,8
Advanced Computational Techniques and Applications,2011,1,9
Advanced Data Processing Techniques,2024,2,1
Advanced Drug Delivery Systems,2021,1,106
Advanced Fiber Optic Sensors,2019,4,7
Advanced Fiber Optic Sensors,2023,1,6
Advanced Fiber Optic Sensors,2026,1,0
Advanced Image Fusion Techniques,2017,1,0
Advanced Image Processing Techniques,2022,1,8
Advanced Image Processing Techniques,2023,1,10
Advanced Manufacturing and Logistics Optimization,1986,2,75
Advanced Mathematical Modeling in Engineering,2016,1,2
Advanced Mathematical Modeling in Engineering,2021,1,14
Advanced Mathematical Modeling in Engineering,2023,1,3
Advanced Mathematical Modeling in Engineering,2025,1,0
Advanced Mathematical Modeling in Engineering,2026,2,0
Advanced Nanomaterials in Catalysis,2025,1,3
Advanced Neural Network Applications,2022,1,28
Advanced Neuroimaging Techniques and Applications,2020,1,37
Advanced NMR Techniques and Applications,2020,1,37
Advanced Photocatalysis Techniques,2024,2,13
Advanced Photocatalysis Techniques,2025,1,3
Advanced Text Analysis Techniques,2010,1,1
Advanced Theoretical and Applied Studies in Material Sciences and Geometry,2023,1,0
Advanced Thermoelectric Materials and Devices,2024,1,3
Advanced X-ray Imaging Techniques,2015,2,0
Advancements in Battery Materials,2025,2,11
Advancements in Transdermal Drug Delivery,2021,1,106
Adventure Sports and Sensation Seeking,2001,1,131
Aeolian processes and effects,1998,1,0
Aeolian processes and effects,2002,1,1
Aeolian processes and effects,2003,1,6
Aeolian processes and effects,2004,1,63
Aeolian processes and effects,2009,1,58
Aeolian processes and effects,2010,3,46
Aeolian processes and effects,2011,1,45
Aeolian processes and effects,2013,1,71
Aeolian processes and effects,2014,2,3
Aeolian processes and effects,2015,3,184
Aeolian processes and effects,2016,2,10
Aeolian processes and effects,2017,2,39
Aeolian processes and effects,2018,1,9
Aeolian processes and effects,2019,2,8
Aeolian processes and effects,2020,4,19
Aeolian processes and effects,2023,3,12
Aeolian processes and effects,2024,1,4
Aeolian processes and effects,2025,5,2
African history and culture analysis,1994,1,0
African history and culture analysis,2005,1,11
"Aging, Elder Care, and Social Issues",1988,1,4
"Aging, Elder Care, and Social Issues",1990,1,0
"Aging, Elder Care, and Social Issues",1991,2,0
"Aging, Elder Care, and Social Issues",1992,1,2
"Aging, Elder Care, and Social Issues",1995,1,4
"Aging, Elder Care, and Social Issues",1996,1,0
"Aging, Elder Care, and Social Issues",1997,3,14
"Aging, Elder Care, and Social Issues",1998,1,0
"Aging, Elder Care, and Social Issues",2001,2,0
"Aging, Elder Care, and Social Issues",2003,1,0
"Aging, Elder Care, and Social Issues",2005,1,0
"Aging, Elder Care, and Social Issues",2007,1,0
"Aging, Elder Care, and Social Issues",2011,2,0
Agricultural and Environmental Management,2022,1,1
AI in cancer detection,2024,1,2
Air Quality and Health Impacts,2000,2,30
Air Quality and Health Impacts,2002,2,0
Air Quality and Health Impacts,2020,1,29
Air Quality and Health Impacts,2021,1,3
Air Quality Monitoring and Forecasting,2000,1,13
Air Quality Monitoring and Forecasting,2020,1,29
Algal biology and biofuel production,2024,1,0
Alkaloids: synthesis and pharmacology,1991,1,18
Ammonia Synthesis and Nitrogen Reduction,2025,1,5
Anaerobic Digestion and Biogas Production,2024,1,6
Analytical Chemistry and Chromatography,2021,1,0
Analytical Chemistry and Sensors,2023,1,17
Analytical chemistry methods development,2018,1,3
Analytical chemistry methods development,2022,1,201
Ancient and Medieval Archaeology Studies,1962,1,0
Ancient and Medieval Archaeology Studies,1993,1,2
Ancient and Medieval Archaeology Studies,1998,1,0
Ancient and Medieval Archaeology Studies,2005,1,0
Ancient and Medieval Archaeology Studies,2016,1,0
Ancient and Medieval Archaeology Studies,2018,1,0
Ancient and Medieval Archaeology Studies,2024,1,1
Ancient Egypt and Archaeology,2008,1,1
Ancient Egypt and Archaeology,2010,1,28
Ancient Egypt and Archaeology,2011,1,0
Ancient Mediterranean Archaeology and History,1962,1,0
Ancient Mediterranean Archaeology and History,2010,1,28
Ancient Near East History,2006,1,2
Ancient Near East History,2008,1,1
Ancient Near East History,2011,1,0
Animal Behavior and Reproduction,2020,1,9
Animal Behavior and Welfare Studies,1996,1,28
Animal Behavior and Welfare Studies,2000,1,104
Animal Ecology and Behavior Studies,1984,1,21
Animal Ecology and Behavior Studies,2014,1,1
Animal Ecology and Behavior Studies,2017,1,1
Animal Genetics and Reproduction,1996,1,22
Anomaly Detection Techniques and Applications,2018,1,3
Anomaly Detection Techniques and Applications,2024,2,16
Antimicrobial Peptides and Activities,2007,1,6
Aquatic and Environmental Studies,2023,1,0
Aquatic Invertebrate Ecology and Behavior,1987,1,46
Aquatic Invertebrate Ecology and Behavior,1998,1,9
Aquatic Invertebrate Ecology and Behavior,2008,1,6
Aquatic Invertebrate Ecology and Behavior,2009,1,9
Aquatic Invertebrate Ecology and Behavior,2010,1,14
Aquatic Invertebrate Ecology and Behavior,2013,1,0
Aquatic Invertebrate Ecology and Behavior,2018,1,0
Aquatic Invertebrate Ecology and Behavior,2022,1,0
Aquatic Invertebrate Ecology and Behavior,2025,1,0
Archaeological and Geological Studies,1966,1,3
Archaeological and Geological Studies,1982,1,5
Archaeological and Geological Studies,1998,1,9
Archaeological and Geological Studies,2000,1,31
Archaeological and Geological Studies,2005,3,6
Archaeological and Geological Studies,2008,1,14
Archaeological and Geological Studies,2013,1,0
Archaeological and Geological Studies,2014,1,0
Archaeological and Geological Studies,2015,1,0
Archaeological and Historical Studies,1998,1,9
Archaeological and Historical Studies,2000,1,31
Archaeological and Historical Studies,2005,4,6
Archaeological and Historical Studies,2008,1,14
Archaeological and Historical Studies,2011,1,0
Archaeological and Historical Studies,2013,1,0
Archaeological and Historical Studies,2021,1,0
Archaeology and ancient environmental studies,1994,1,22
Archaeology and ancient environmental studies,2002,2,257
Archaeology and ancient environmental studies,2006,1,57
Archaeology and ancient environmental studies,2007,2,96
Archaeology and ancient environmental studies,2014,1,0
Archaeology and ancient environmental studies,2018,3,5
Archaeology and ancient environmental studies,2022,1,0
Archaeology and Historical Studies,1994,1,0
Archaeology and Historical Studies,2005,1,11
Archaeology and Historical Studies,2006,1,2
Archaeology and Historical Studies,2007,1,0
Archaeology and Historical Studies,2008,1,1
Archaeology and Historical Studies,2010,2,39
Archaeology and Historical Studies,2011,1,0
Archaeology and Historical Studies,2023,3,1
Archaeology and Historical Studies,2024,1,14
Archaeology and Rock Art Studies,2011,1,0
Archaeology and Rock Art Studies,2013,1,0
Arctic and Antarctic ice dynamics,1967,1,4
Arctic and Antarctic ice dynamics,1995,1,5
Arsenic contamination and mitigation,2015,2,39
Arsenic contamination and mitigation,2025,1,12
Art Education and Development,1969,1,0
Asian American and Pacific Histories,2008,1,0
Asphalt Pavement Performance Evaluation,2025,1,3
Asthma and respiratory diseases,2006,1,82
Astro and Planetary Science,1986,1,22
Astro and Planetary Science,1996,1,8
Astro and Planetary Science,2000,1,12
Astro and Planetary Science,2007,1,0
Astro and Planetary Science,2008,2,32
Astro and Planetary Science,2009,1,25
Astro and Planetary Science,2010,1,2
Astro and Planetary Science,2012,4,4
Astro and Planetary Science,2014,1,14
Astro and Planetary Science,2015,17,16
Astro and Planetary Science,2021,2,6
Astro and Planetary Science,2022,1,2
Astro and Planetary Science,2023,1,24
Astro and Planetary Science,2025,5,6
Astronomical Observations and Instrumentation,2003,1,0
Astronomical Observations and Instrumentation,2015,20,0
Astronomy and Astrophysical Research,2015,6,0
Astrophysics and Cosmic Phenomena,2015,2,0
Astrophysics and Star Formation Studies,2008,1,0
Astrophysics and Star Formation Studies,2021,1,6
Astrophysics and Star Formation Studies,2025,1,0
Asymmetric Hydrogenation and Catalysis,2024,2,28
Atmospheric and Environmental Gas Dynamics,1989,5,0
Atmospheric and Environmental Gas Dynamics,2001,1,7
Atmospheric and Environmental Gas Dynamics,2002,1,1
Atmospheric and Environmental Gas Dynamics,2005,1,88
Atmospheric and Environmental Gas Dynamics,2009,1,0
Atmospheric and Environmental Gas Dynamics,2010,1,74
Atmospheric and Environmental Gas Dynamics,2011,2,229
Atmospheric and Environmental Gas Dynamics,2012,6,552
Atmospheric and Environmental Gas Dynamics,2013,7,218
Atmospheric and Environmental Gas Dynamics,2014,5,134
Atmospheric and Environmental Gas Dynamics,2015,14,144
Atmospheric and Environmental Gas Dynamics,2016,8,338
Atmospheric and Environmental Gas Dynamics,2017,8,124
Atmospheric and Environmental Gas Dynamics,2018,7,60
Atmospheric and Environmental Gas Dynamics,2019,5,87
Atmospheric and Environmental Gas Dynamics,2020,7,87
Atmospheric and Environmental Gas Dynamics,2021,9,267
Atmospheric and Environmental Gas Dynamics,2022,9,90
Atmospheric and Environmental Gas Dynamics,2023,6,30
Atmospheric and Environmental Gas Dynamics,2024,9,43
Atmospheric and Environmental Gas Dynamics,2025,4,3
Atmospheric chemistry and aerosols,2000,1,13
Atmospheric chemistry and aerosols,2002,2,0
Atmospheric chemistry and aerosols,2009,1,58
Atmospheric chemistry and aerosols,2021,1,3
Atmospheric chemistry and aerosols,2024,1,21
Automated Road and Building Extraction,2023,1,29
Bacterial biofilms and quorum sensing,2005,1,27
Bacterial biofilms and quorum sensing,2007,1,6
Bacteriophages and microbial interactions,2026,1,0
Bauxite Residue and Utilization,2025,2,2
Bee Products Chemical Analysis,2018,1,0
Big Data Technologies and Applications,2019,1,4
Biocrusts and Microbial Ecology,2006,1,32
Biocrusts and Microbial Ecology,2026,1,0
Biotechnology and Related Fields,2011,1,0
"Birth, Development, and Health",1997,1,14
Blind Source Separation Techniques,2019,1,0
Botanical Research and Applications,1996,1,8
Botany and Geology in Latin America and Caribbean,2020,1,0
Botany and Plant Ecology Studies,1992,1,0
Botany and Plant Ecology Studies,1993,1,2
Botany and Plant Ecology Studies,1994,1,1
Botany and Plant Ecology Studies,1997,1,0
Botany and Plant Ecology Studies,2004,1,3
Botany and Plant Ecology Studies,2005,3,1
Botany and Plant Ecology Studies,2009,2,268
Botany and Plant Ecology Studies,2011,2,0
Botany and Plant Ecology Studies,2015,1,3
Bryophyte Studies and Records,2009,2,44
Building materials and conservation,2016,1,0
Building materials and conservation,2017,2,7
Building materials and conservation,2021,1,20
Building materials and conservation,2025,2,0
Building materials and conservation,2026,3,1
Calcium Carbonate Crystallization and Inhibition,1994,1,29
Calcium Carbonate Crystallization and Inhibition,1995,1,6
Calcium Carbonate Crystallization and Inhibition,2006,1,33
Calcium Carbonate Crystallization and Inhibition,2020,1,1
Calcium Carbonate Crystallization and Inhibition,2021,1,13
Calcium Carbonate Crystallization and Inhibition,2023,1,8
Calcium Carbonate Crystallization and Inhibition,2024,2,0
Calcium Carbonate Crystallization and Inhibition,2025,8,13
Calcium Carbonate Crystallization and Inhibition,2026,1,0
"Cancer, Hypoxia, and Metabolism",2014,5,0
"Cancer, Stress, Anesthesia, and Immune Response",1991,1,41
Carbon Dioxide Capture Technologies,2009,1,40
Carbon Dioxide Capture Technologies,2013,2,3
Carbon Dioxide Capture Technologies,2018,2,8
Carbon Dioxide Capture Technologies,2021,2,0
Carbon Dioxide Capture Technologies,2022,1,80
Carbon Dioxide Capture Technologies,2024,1,12
Carbon Dioxide Capture Technologies,2025,5,10
Carbon Dioxide Capture Technologies,2026,1,0
Carcinogens and Genotoxicity Assessment,1985,1,2
Cassava research and cyanide,2010,1,0
Catalysis and Hydrodesulfurization Studies,2022,1,43
Catalysis and Hydrodesulfurization Studies,2024,2,28
Catalysis and Oxidation Reactions,2022,1,43
Catalysts for Methane Reforming,2024,2,28
Cell Image Analysis Techniques,2022,1,1
Cephalopods and Marine Biology,1988,1,14
Cephalopods and Marine Biology,2006,1,13
Cephalopods and Marine Biology,2008,1,14
Cephalopods and Marine Biology,2009,1,3
Cephalopods and Marine Biology,2010,1,133
Cephalopods and Marine Biology,2015,1,0
Cephalopods and Marine Biology,2017,2,11
Cephalopods and Marine Biology,2022,1,28
Chalcogenide Semiconductor Thin Films,1988,1,218
Chemical Looping and Thermochemical Processes,2024,1,12
Chemical Looping and Thermochemical Processes,2025,3,0
Chemical Reactions and Isotopes,1985,1,2
Chemical synthesis and alkaloids,1991,1,18
Classical Antiquity Studies,2003,1,1
Clay minerals and soil interactions,1962,1,14
Clay minerals and soil interactions,1982,1,0
Clay minerals and soil interactions,1998,1,14
Clay minerals and soil interactions,2001,1,0
Clay minerals and soil interactions,2007,1,0
Clay minerals and soil interactions,2009,1,32
Clay minerals and soil interactions,2013,1,39
Clay minerals and soil interactions,2014,1,0
Clay minerals and soil interactions,2016,1,18
Clay minerals and soil interactions,2017,2,7
Clay minerals and soil interactions,2019,1,0
Clay minerals and soil interactions,2020,4,0
Clay minerals and soil interactions,2021,1,1
Clay minerals and soil interactions,2024,2,10
Clay minerals and soil interactions,2025,6,22
Clay minerals and soil interactions,2026,3,1
Climate change and permafrost,1967,1,4
Climate change and permafrost,2025,2,2
Climate Change Communication and Perception,2013,1,35
Climate change impacts on agriculture,2003,1,0
Climate Change Policy and Economics,2013,1,1
Climate variability and models,2020,1,1
Climate variability and models,2021,1,48
Climate variability and models,2024,1,1
CO2 Reduction Techniques and Catalysts,2024,1,3
CO2 Sequestration and Geologic Interactions,2005,1,5
CO2 Sequestration and Geologic Interactions,2008,1,0
CO2 Sequestration and Geologic Interactions,2009,2,207
CO2 Sequestration and Geologic Interactions,2011,3,8
CO2 Sequestration and Geologic Interactions,2012,2,12
CO2 Sequestration and Geologic Interactions,2013,3,44
CO2 Sequestration and Geologic Interactions,2014,1,7
CO2 Sequestration and Geologic Interactions,2015,3,16
CO2 Sequestration and Geologic Interactions,2016,1,27
CO2 Sequestration and Geologic Interactions,2017,3,27
CO2 Sequestration and Geologic Interactions,2018,6,76
CO2 Sequestration and Geologic Interactions,2019,2,61
CO2 Sequestration and Geologic Interactions,2020,6,103
CO2 Sequestration and Geologic Interactions,2021,7,16
CO2 Sequestration and Geologic Interactions,2022,9,259
CO2 Sequestration and Geologic Interactions,2023,17,562
CO2 Sequestration and Geologic Interactions,2024,17,182
CO2 Sequestration and Geologic Interactions,2025,19,23
CO2 Sequestration and Geologic Interactions,2026,9,1
Coal and Coke Industries Research,2014,1,2
Coal and Its By-products,2012,2,84
Coal and Its By-products,2013,3,119
Coal and Its By-products,2014,3,34
Coal and Its By-products,2015,2,55
Coal and Its By-products,2018,1,11
Coal and Its By-products,2020,1,29
Coal and Its By-products,2022,1,5
Coal and Its By-products,2024,1,7
Coal and Its By-products,2025,3,0
Coal and Its By-products,2026,1,0
Coal Properties and Utilization,2012,2,84
Coal Properties and Utilization,2013,3,119
Coal Properties and Utilization,2014,2,17
Coal Properties and Utilization,2015,2,26
Coal Properties and Utilization,2016,1,42
Coal Properties and Utilization,2017,1,32
Coal Properties and Utilization,2018,1,11
Coal Properties and Utilization,2021,1,0
Coal Properties and Utilization,2022,2,11
Coal Properties and Utilization,2023,2,2
Coal Properties and Utilization,2024,2,14
Coal Properties and Utilization,2025,3,1
Coal Properties and Utilization,2026,1,0
Coastal and Marine Dynamics,1962,1,0
Coastal and Marine Dynamics,1991,2,28
Coastal and Marine Dynamics,2004,1,63
Coastal and Marine Dynamics,2014,1,10
Coastal and Marine Dynamics,2022,1,24
Coastal and Marine Dynamics,2023,2,27
Coastal and Marine Dynamics,2025,4,2
Coastal and Marine Management,2025,1,2
Coastal Management and Development,2022,1,1
Coastal wetland ecosystem dynamics,1999,1,6
Coastal wetland ecosystem dynamics,2019,1,11
Coastal wetland ecosystem dynamics,2020,1,15
Coastal wetland ecosystem dynamics,2023,1,15
Coastal wetland ecosystem dynamics,2024,3,13
Coastal wetland ecosystem dynamics,2025,3,7
Complex Systems and Time Series Analysis,2005,1,0
Complex Systems and Time Series Analysis,2023,1,0
Composite Material Mechanics,2016,1,2
Concrete and Cement Materials Research,2014,1,7
Concrete and Cement Materials Research,2016,1,26
Concrete and Cement Materials Research,2017,2,4
Concrete and Cement Materials Research,2021,1,20
Concrete and Cement Materials Research,2022,3,31
Concrete and Cement Materials Research,2023,1,24
Concrete and Cement Materials Research,2026,1,0
Concrete Corrosion and Durability,2022,1,22
Connective Tissue Growth Factor Research,2006,1,82
Copper-based nanomaterials and applications,2024,2,13
Copper-based nanomaterials and applications,2025,1,3
Coral and Marine Ecosystems Studies,1965,1,13
Coral and Marine Ecosystems Studies,2015,1,63
Coral and Marine Ecosystems Studies,2018,1,2
Coral and Marine Ecosystems Studies,2019,1,126
Coral and Marine Ecosystems Studies,2021,2,0
Coral and Marine Ecosystems Studies,2022,1,0
Coral and Marine Ecosystems Studies,2024,2,9
Corporate Governance and Law,2005,1,11
Covalent Organic Framework Applications,2024,2,13
COVID-19 diagnosis using AI,2022,1,28
"Crafts, Textile, and Design",2011,1,0
"Crime, Deviance, and Social Control",2015,1,0
Crustacean biology and ecology,2008,1,2
Cryospheric studies and observations,2005,1,283
Crystal Structures and Properties,1988,2,367
Crystal Structures and Properties,2007,1,0
Crystal Structures and Properties,2020,4,0
Crystal Structures and Properties,2021,1,0
Crystal Structures and Properties,2025,1,0
Cuban History and Society,2008,1,0
Cultural History and Identity Formation,1993,1,1
Dam Engineering and Safety,2025,2,0
Data Visualization and Analytics,2017,1,1
Deception detection and forensic psychology,2010,1,0
demographic modeling and climate adaptation,2025,1,1
Diatoms and Algae Research,1960,1,2
Diatoms and Algae Research,1994,1,1
Diatoms and Algae Research,1998,3,28
Diatoms and Algae Research,2008,2,15
Diatoms and Algae Research,2024,1,0
Digital Radiography and Breast Imaging,2015,1,5
Distributed and Parallel Computing Systems,2021,1,1
Diverse multidisciplinary academic research,2001,2,0
Diverse Music Education Insights,1969,1,0
Diverse Scientific and Economic Studies,1997,1,0
Diverse Scientific and Economic Studies,1999,1,0
Diverse Scientific and Economic Studies,2005,2,0
Diverse Scientific and Economic Studies,2015,1,0
Diverse Scientific and Economic Studies,2021,1,0
Diversity and Impact of Dance,2023,1,0
Domain Adaptation and Few-Shot Learning,2022,1,28
Drilling and Well Engineering,1988,1,12
Drilling and Well Engineering,1995,1,1
Drilling and Well Engineering,2001,1,0
Drilling and Well Engineering,2006,1,4
Drilling and Well Engineering,2008,4,2
Drilling and Well Engineering,2010,1,3
Drilling and Well Engineering,2012,1,3
Drilling and Well Engineering,2013,2,41
Drilling and Well Engineering,2014,2,3
Drilling and Well Engineering,2015,4,3
Drilling and Well Engineering,2016,6,52
Drilling and Well Engineering,2017,8,26
Drilling and Well Engineering,2018,7,44
Drilling and Well Engineering,2019,14,125
Drilling and Well Engineering,2020,22,261
Drilling and Well Engineering,2021,8,48
Drilling and Well Engineering,2022,10,85
Drilling and Well Engineering,2023,15,96
Drilling and Well Engineering,2024,16,51
Drilling and Well Engineering,2025,13,7
Drilling and Well Engineering,2026,1,0
Earthquake and Disaster Impact Studies,2003,1,0
earthquake and tectonic studies,1984,1,15
earthquake and tectonic studies,1985,2,3
earthquake and tectonic studies,1987,1,39
earthquake and tectonic studies,1989,1,20
earthquake and tectonic studies,1990,3,269
earthquake and tectonic studies,1991,1,1
earthquake and tectonic studies,1992,1,7
earthquake and tectonic studies,1995,2,80
earthquake and tectonic studies,1996,1,12
earthquake and tectonic studies,1997,2,187
earthquake and tectonic studies,1998,1,244
earthquake and tectonic studies,1999,1,20
earthquake and tectonic studies,2000,4,544
earthquake and tectonic studies,2001,5,294
earthquake and tectonic studies,2002,2,81
earthquake and tectonic studies,2003,7,402
earthquake and tectonic studies,2004,8,631
earthquake and tectonic studies,2005,6,357
earthquake and tectonic studies,2006,8,626
earthquake and tectonic studies,2007,6,507
earthquake and tectonic studies,2008,6,524
earthquake and tectonic studies,2009,7,325
earthquake and tectonic studies,2010,10,1319
earthquake and tectonic studies,2011,9,893
earthquake and tectonic studies,2012,7,851
earthquake and tectonic studies,2013,8,992
earthquake and tectonic studies,2014,18,1183
earthquake and tectonic studies,2015,17,1110
earthquake and tectonic studies,2016,12,384
earthquake and tectonic studies,2017,19,1014
earthquake and tectonic studies,2018,24,620
earthquake and tectonic studies,2019,11,415
earthquake and tectonic studies,2020,8,646
earthquake and tectonic studies,2021,20,283
earthquake and tectonic studies,2022,16,244
earthquake and tectonic studies,2023,21,202
earthquake and tectonic studies,2024,13,91
earthquake and tectonic studies,2025,15,28
earthquake and tectonic studies,2026,2,0
Earthquake Detection and Analysis,2004,1,0
Earthquake Detection and Analysis,2024,1,10
Echinoderm biology and ecology,2019,1,6
Echinoderm biology and ecology,2021,1,0
Ecology and Vegetation Dynamics Studies,2014,1,1
Economic and Industrial Development,2010,1,0
Economic Growth and Development,2022,1,0
Economic theories and models,2005,1,0
Education Methods and Practices,1969,1,0
"Education, sociology, and vocational training",1983,1,0
Educational Leadership and Practices,2008,1,0
Electrical and Electromagnetic Research,1987,1,0
Electrocatalysts for Energy Conversion,2024,1,5
Electrocatalysts for Energy Conversion,2025,1,5
Electrochemical sensors and biosensors,2016,1,1
Electrokinetic Soil Remediation Techniques,2025,1,2
Electromagnetic Launch and Propulsion Technology,2019,1,0
Electron and X-Ray Spectroscopy Techniques,2015,2,0
Endodontics and Root Canal Treatments,2005,1,27
Endodontics and Root Canal Treatments,2023,1,7
Energy Efficiency and Management,2021,1,14
Energy Load and Power Forecasting,2021,2,58
Energy Load and Power Forecasting,2022,1,30
"Energy, Environment, and Transportation Policies",2006,1,15
"Energy, Environment, and Transportation Policies",2025,2,12
"Energy, Environment, Economic Growth",2022,1,0
Engineering and Information Technology,2015,2,0
Engineering Diagnostics and Reliability,2003,1,1
Engineering Structural Analysis Methods,2019,1,0
Engineering Technology and Methodologies,2023,1,0
Enhanced Oil Recovery Techniques,2011,1,9
Enhanced Oil Recovery Techniques,2013,1,4
Enhanced Oil Recovery Techniques,2014,1,1
Enhanced Oil Recovery Techniques,2016,2,12
Enhanced Oil Recovery Techniques,2017,2,3
Enhanced Oil Recovery Techniques,2019,2,52
Enhanced Oil Recovery Techniques,2020,4,72
Enhanced Oil Recovery Techniques,2021,4,62
Enhanced Oil Recovery Techniques,2022,8,129
Enhanced Oil Recovery Techniques,2023,10,90
Enhanced Oil Recovery Techniques,2024,9,69
Enhanced Oil Recovery Techniques,2025,11,22
Enhanced Oil Recovery Techniques,2026,5,0
Environmental and Biological Research in Conflict Zones,1966,1,39
Environmental and Biological Research in Conflict Zones,2010,1,14
Environmental and Industrial Safety,1990,1,0
Environmental Chemistry and Analysis,2024,1,0
Environmental DNA in Biodiversity Studies,2024,1,4
Environmental DNA in Biodiversity Studies,2025,1,1
Environmental DNA in Biodiversity Studies,2026,1,0
Environmental Education and Sustainability,2013,1,35
Environmental Impact and Sustainability,2009,1,5
Environmental Monitoring and Data Management,2015,2,0
Environmental Monitoring and Data Management,2025,1,0
Environmental Science and Water Management,1992,1,0
Environmental Science and Water Management,1999,1,16
Enzyme Structure and Function,1989,1,0
Essential Oils and Antimicrobial Activity,2021,1,106
Evaluation and Performance Assessment,2004,1,0
Evolution and Paleontology Studies,1964,1,1
Evolution and Paleontology Studies,1980,1,19
Evolution and Paleontology Studies,1984,1,21
Evolution and Paleontology Studies,1985,1,1
Evolution and Paleontology Studies,1987,1,8
Evolution and Paleontology Studies,1993,1,14
Evolution and Paleontology Studies,1997,2,294
Evolution and Paleontology Studies,1999,3,35
Evolution and Paleontology Studies,2002,1,10
Evolution and Paleontology Studies,2003,1,69
Evolution and Paleontology Studies,2005,6,61
Evolution and Paleontology Studies,2006,3,34
Evolution and Paleontology Studies,2007,2,3
Evolution and Paleontology Studies,2008,2,21
Evolution and Paleontology Studies,2009,3,52
Evolution and Paleontology Studies,2010,2,4
Evolution and Paleontology Studies,2011,1,7
Evolution and Paleontology Studies,2014,4,118
Evolution and Paleontology Studies,2015,1,19
Evolution and Paleontology Studies,2016,3,103
Evolution and Paleontology Studies,2017,1,0
Evolution and Paleontology Studies,2018,2,186
Evolution and Paleontology Studies,2019,3,11
Evolution and Paleontology Studies,2020,2,6
Evolution and Paleontology Studies,2021,1,3
Evolution and Paleontology Studies,2022,1,87
Evolution and Paleontology Studies,2023,3,1
Evolution and Paleontology Studies,2024,1,0
Evolution and Paleontology Studies,2025,3,6
Extraction and Separation Processes,2018,1,46
Extraction and Separation Processes,2025,1,0
Facial Trauma and Fracture Management,2024,1,10
Fault Detection and Control Systems,2010,1,1
Fecal contamination and water quality,2020,2,8
Fermentation and Sensory Analysis,2005,1,50
Fern and Epiphyte Biology,2012,1,0
Fern and Epiphyte Biology,2021,1,10
Fern and Epiphyte Biology,2023,1,6
Fire effects on ecosystems,2021,1,1
Fiscal Policy and Economic Growth,2022,1,0
Fish Biology and Ecology Studies,1991,1,18
Fish Biology and Ecology Studies,2022,2,0
"Fish biology, ecology, and behavior",2008,1,2
Fish Ecology and Management Studies,2025,1,0
Flexible and Reconfigurable Manufacturing Systems,1986,1,75
Flood Risk Assessment and Management,2017,1,33
Flood Risk Assessment and Management,2018,1,0
Flood Risk Assessment and Management,2020,2,1
Flood Risk Assessment and Management,2022,3,90
Flood Risk Assessment and Management,2023,3,89
Flood Risk Assessment and Management,2024,1,15
Flood Risk Assessment and Management,2025,1,0
Flow Measurement and Analysis,2016,1,0
Flow Measurement and Analysis,2019,1,5
Fluid Dynamics and Mixing,2020,1,15
Fluoride Effects and Removal,2019,1,1
Fluoride Effects and Removal,2020,1,0
Fluoride Effects and Removal,2023,1,69
Forensic and Genetic Research,2020,1,0
Forensic Anthropology and Bioarchaeology Studies,2018,1,185
Forensic Anthropology and Bioarchaeology Studies,2020,1,0
Forensic Anthropology and Bioarchaeology Studies,2025,1,0
Forest Ecology and Biodiversity Studies,2015,1,3
"Forest, Soil, and Plant Ecology in China",2017,1,0
Freezing and Crystallization Processes,1967,1,4
French Historical and Cultural Studies,1975,1,0
French Historical and Cultural Studies,1985,1,0
French Language Learning Methods,1983,1,0
French Language Learning Methods,2001,2,0
Fuel Cells and Related Materials,2024,1,5
Fungal Infections and Studies,1975,1,99
Game Theory and Applications,2005,1,0
Gamma-ray bursts and supernovae,2015,2,0
Gas Dynamics and Kinetic Theory,2022,1,0
Gender Diversity and Inequality,1989,1,17
"Gender, Security, and Conflict",1989,1,17
Generative Adversarial Networks and Image Synthesis,2023,1,13
Generative Adversarial Networks and Image Synthesis,2024,1,2
Genetic and Clinical Aspects of Sex Determination and Chromosomal Abnormalities,1999,2,26
Genetic and phenotypic traits in livestock,1996,1,22
Genetic and phenotypic traits in livestock,1997,1,14
Genetic diversity and population structure,2024,1,4
Genetic diversity and population structure,2025,1,0
Genomics and Phylogenetic Studies,2021,1,4
Genomics and Phylogenetic Studies,2022,1,17
Geochemistry and Elemental Analysis,1989,1,14
Geochemistry and Elemental Analysis,1994,1,1
Geochemistry and Elemental Analysis,1996,2,70
Geochemistry and Elemental Analysis,1998,2,60
Geochemistry and Elemental Analysis,1999,1,13
Geochemistry and Elemental Analysis,2000,1,20
Geochemistry and Elemental Analysis,2001,1,7
Geochemistry and Elemental Analysis,2003,1,103
Geochemistry and Elemental Analysis,2004,4,214
Geochemistry and Elemental Analysis,2005,2,125
Geochemistry and Elemental Analysis,2007,2,56
Geochemistry and Elemental Analysis,2008,2,253
Geochemistry and Elemental Analysis,2009,6,393
Geochemistry and Elemental Analysis,2010,3,73
Geochemistry and Elemental Analysis,2012,2,41
Geochemistry and Elemental Analysis,2013,5,283
Geochemistry and Elemental Analysis,2014,3,143
Geochemistry and Elemental Analysis,2015,5,195
Geochemistry and Elemental Analysis,2016,8,303
Geochemistry and Elemental Analysis,2017,5,43
Geochemistry and Elemental Analysis,2018,9,153
Geochemistry and Elemental Analysis,2019,5,96
Geochemistry and Elemental Analysis,2020,10,270
Geochemistry and Elemental Analysis,2021,15,120
Geochemistry and Elemental Analysis,2022,6,230
Geochemistry and Elemental Analysis,2023,6,59
Geochemistry and Elemental Analysis,2024,14,72
Geochemistry and Elemental Analysis,2025,12,18
Geochemistry and Elemental Analysis,2026,7,2
Geochemistry and Geochronology of Asian Mineral Deposits,2023,1,4
Geochemistry and Geochronology of Asian Mineral Deposits,2024,1,7
Geochemistry and Geologic Mapping,1962,1,14
Geochemistry and Geologic Mapping,1977,1,4
Geochemistry and Geologic Mapping,1982,1,0
Geochemistry and Geologic Mapping,1983,2,64
Geochemistry and Geologic Mapping,1984,2,24
Geochemistry and Geologic Mapping,1985,3,8
Geochemistry and Geologic Mapping,1987,2,1
Geochemistry and Geologic Mapping,1988,2,205
Geochemistry and Geologic Mapping,1989,3,235
Geochemistry and Geologic Mapping,1990,6,40
Geochemistry and Geologic Mapping,1991,1,1
Geochemistry and Geologic Mapping,1992,2,8
Geochemistry and Geologic Mapping,1993,1,30
Geochemistry and Geologic Mapping,1995,2,10
Geochemistry and Geologic Mapping,1996,2,57
Geochemistry and Geologic Mapping,1997,1,9
Geochemistry and Geologic Mapping,1998,5,247
Geochemistry and Geologic Mapping,1999,2,70
Geochemistry and Geologic Mapping,2000,7,136
Geochemistry and Geologic Mapping,2001,4,124
Geochemistry and Geologic Mapping,2002,3,6
Geochemistry and Geologic Mapping,2003,15,838
Geochemistry and Geologic Mapping,2004,6,550
Geochemistry and Geologic Mapping,2005,5,307
Geochemistry and Geologic Mapping,2006,6,36
Geochemistry and Geologic Mapping,2007,1,24
Geochemistry and Geologic Mapping,2008,3,1
Geochemistry and Geologic Mapping,2009,6,241
Geochemistry and Geologic Mapping,2010,17,101
Geochemistry and Geologic Mapping,2011,8,1027
Geochemistry and Geologic Mapping,2012,11,232
Geochemistry and Geologic Mapping,2013,12,328
Geochemistry and Geologic Mapping,2014,23,1027
Geochemistry and Geologic Mapping,2015,17,689
Geochemistry and Geologic Mapping,2016,22,586
Geochemistry and Geologic Mapping,2017,33,1351
Geochemistry and Geologic Mapping,2018,33,659
Geochemistry and Geologic Mapping,2019,39,590
Geochemistry and Geologic Mapping,2020,47,469
Geochemistry and Geologic Mapping,2021,35,400
Geochemistry and Geologic Mapping,2022,54,487
Geochemistry and Geologic Mapping,2023,27,199
Geochemistry and Geologic Mapping,2024,44,187
Geochemistry and Geologic Mapping,2025,40,65
Geochemistry and Geologic Mapping,2026,1,0
Geodetic Measurements and Engineering Structures,1995,1,0
Geographic Information Systems Studies,2015,2,0
Geography and Environmental Studies,2023,1,0
Geography Education and Pedagogy,1999,1,0
Geography Education and Pedagogy,2023,1,13
Geological and Geochemical Analysis,1980,1,19
Geological and Geochemical Analysis,1981,1,0
Geological and Geochemical Analysis,1984,1,15
Geological and Geochemical Analysis,1985,2,3
Geological and Geochemical Analysis,1986,1,22
Geological and Geochemical Analysis,1987,1,39
Geological and Geochemical Analysis,1988,1,149
Geological and Geochemical Analysis,1989,3,242
Geological and Geochemical Analysis,1990,3,114
Geological and Geochemical Analysis,1991,3,97
Geological and Geochemical Analysis,1994,2,182
Geological and Geochemical Analysis,1995,3,87
Geological and Geochemical Analysis,1996,3,315
Geological and Geochemical Analysis,1997,4,487
Geological and Geochemical Analysis,1998,3,263
Geological and Geochemical Analysis,1999,4,146
Geological and Geochemical Analysis,2000,7,566
Geological and Geochemical Analysis,2001,6,228
Geological and Geochemical Analysis,2002,5,457
Geological and Geochemical Analysis,2003,23,1584
Geological and Geochemical Analysis,2004,14,1102
Geological and Geochemical Analysis,2005,11,1496
Geological and Geochemical Analysis,2006,13,877
Geological and Geochemical Analysis,2007,12,4318
Geological and Geochemical Analysis,2008,11,812
Geological and Geochemical Analysis,2009,13,662
Geological and Geochemical Analysis,2010,12,1173
Geological and Geochemical Analysis,2011,17,2257
Geological and Geochemical Analysis,2012,12,1068
Geological and Geochemical Analysis,2013,18,1834
Geological and Geochemical Analysis,2014,29,1450
Geological and Geochemical Analysis,2015,27,1497
Geological and Geochemical Analysis,2016,21,636
Geological and Geochemical Analysis,2017,35,1836
Geological and Geochemical Analysis,2018,46,1394
Geological and Geochemical Analysis,2019,33,844
Geological and Geochemical Analysis,2020,39,1337
Geological and Geochemical Analysis,2021,39,657
Geological and Geochemical Analysis,2022,38,440
Geological and Geochemical Analysis,2023,39,224
Geological and Geochemical Analysis,2024,41,252
Geological and Geochemical Analysis,2025,39,56
Geological and Geochemical Analysis,2026,4,0
Geological and Geophysical Studies,1984,1,0
Geological and Geophysical Studies,1985,2,77
Geological and Geophysical Studies,1986,4,200
Geological and Geophysical Studies,1987,4,103
Geological and Geophysical Studies,1988,4,254
Geological and Geophysical Studies,1989,1,68
Geological and Geophysical Studies,1990,3,243
Geological and Geophysical Studies,1991,8,95
Geological and Geophysical Studies,1992,1,12
Geological and Geophysical Studies,1993,6,329
Geological and Geophysical Studies,1994,3,124
Geological and Geophysical Studies,1995,11,372
Geological and Geophysical Studies,1996,2,30
Geological and Geophysical Studies,1997,4,332
Geological and Geophysical Studies,1998,6,80
Geological and Geophysical Studies,1999,1,40
Geological and Geophysical Studies,2000,9,135
Geological and Geophysical Studies,2001,3,551
Geological and Geophysical Studies,2002,9,128
Geological and Geophysical Studies,2003,13,983
Geological and Geophysical Studies,2004,4,238
Geological and Geophysical Studies,2005,6,1190
Geological and Geophysical Studies,2006,11,429
Geological and Geophysical Studies,2007,8,137
Geological and Geophysical Studies,2008,10,157
Geological and Geophysical Studies,2009,9,157
Geological and Geophysical Studies,2010,22,522
Geological and Geophysical Studies,2011,11,137
Geological and Geophysical Studies,2012,15,325
Geological and Geophysical Studies,2013,15,105
Geological and Geophysical Studies,2014,21,341
Geological and Geophysical Studies,2015,25,257
Geological and Geophysical Studies,2016,18,277
Geological and Geophysical Studies,2017,28,285
Geological and Geophysical Studies,2018,22,107
Geological and Geophysical Studies,2019,28,249
Geological and Geophysical Studies,2020,39,334
Geological and Geophysical Studies,2021,18,139
Geological and Geophysical Studies,2022,39,362
Geological and Geophysical Studies,2023,21,74
Geological and Geophysical Studies,2024,43,126
Geological and Geophysical Studies,2025,41,41
Geological and Geophysical Studies Worldwide,1962,1,0
Geological and Geophysical Studies Worldwide,1966,2,6
Geological and Geophysical Studies Worldwide,1978,1,0
Geological and Geophysical Studies Worldwide,1979,1,0
Geological and Geophysical Studies Worldwide,1980,1,6
Geological and Geophysical Studies Worldwide,1981,1,4
Geological and Geophysical Studies Worldwide,1987,2,50
Geological and Geophysical Studies Worldwide,1989,1,20
Geological and Geophysical Studies Worldwide,1990,2,137
Geological and Geophysical Studies Worldwide,1991,1,46
Geological and Geophysical Studies Worldwide,1996,5,292
Geological and Geophysical Studies Worldwide,1997,1,11
Geological and Geophysical Studies Worldwide,1998,2,24
Geological and Geophysical Studies Worldwide,1999,5,99
Geological and Geophysical Studies Worldwide,2000,6,268
Geological and Geophysical Studies Worldwide,2001,3,103
Geological and Geophysical Studies Worldwide,2002,3,42
Geological and Geophysical Studies Worldwide,2003,4,84
Geological and Geophysical Studies Worldwide,2004,2,83
Geological and Geophysical Studies Worldwide,2005,7,83
Geological and Geophysical Studies Worldwide,2006,1,29
Geological and Geophysical Studies Worldwide,2007,4,104
Geological and Geophysical Studies Worldwide,2008,5,143
Geological and Geophysical Studies Worldwide,2010,5,56
Geological and Geophysical Studies Worldwide,2011,4,22
Geological and Geophysical Studies Worldwide,2012,1,23
Geological and Geophysical Studies Worldwide,2013,1,0
Geological and Geophysical Studies Worldwide,2015,3,145
Geological and Geophysical Studies Worldwide,2016,4,28
Geological and Geophysical Studies Worldwide,2017,3,11
Geological and Geophysical Studies Worldwide,2018,2,7
Geological and Geophysical Studies Worldwide,2019,3,2
Geological and Geophysical Studies Worldwide,2020,4,15
Geological and Geophysical Studies Worldwide,2021,5,49
Geological and Geophysical Studies Worldwide,2022,2,11
Geological and Geophysical Studies Worldwide,2023,3,6
Geological and Geophysical Studies Worldwide,2024,3,4
Geological and Geophysical Studies Worldwide,2025,7,8
Geological and Tectonic Studies in Latin America,1993,1,0
Geological and Tectonic Studies in Latin America,2001,1,0
Geological and Tectonic Studies in Latin America,2004,1,73
Geological and Tectonic Studies in Latin America,2011,1,0
Geological and Tectonic Studies in Latin America,2013,1,0
Geological and Tectonic Studies in Latin America,2014,1,176
Geological and Tectonic Studies in Latin America,2016,1,0
Geological and Tectonic Studies in Latin America,2018,1,0
Geological and Tectonic Studies in Latin America,2019,2,33
Geological and Tectonic Studies in Latin America,2020,1,0
Geological and Tectonic Studies in Latin America,2021,1,0
Geological formations and processes,1965,1,13
Geological formations and processes,1966,1,4
Geological formations and processes,1972,1,14
Geological formations and processes,1977,1,4
Geological formations and processes,1980,1,21
Geological formations and processes,1981,1,26
Geological formations and processes,1982,2,50
Geological formations and processes,1983,1,0
Geological formations and processes,1984,3,12
Geological formations and processes,1985,4,39
Geological formations and processes,1986,3,44
Geological formations and processes,1987,6,158
Geological formations and processes,1988,2,52
Geological formations and processes,1989,5,232
Geological formations and processes,1990,3,146
Geological formations and processes,1991,10,300
Geological formations and processes,1992,3,205
Geological formations and processes,1993,6,221
Geological formations and processes,1994,4,597
Geological formations and processes,1995,12,362
Geological formations and processes,1996,5,126
Geological formations and processes,1997,3,196
Geological formations and processes,1998,10,274
Geological formations and processes,1999,6,556
Geological formations and processes,2000,4,90
Geological formations and processes,2001,7,801
Geological formations and processes,2002,8,444
Geological formations and processes,2003,2,157
Geological formations and processes,2004,13,500
Geological formations and processes,2005,12,254
Geological formations and processes,2006,16,479
Geological formations and processes,2007,10,4127
Geological formations and processes,2008,19,486
Geological formations and processes,2009,14,287
Geological formations and processes,2010,20,1169
Geological formations and processes,2011,17,362
Geological formations and processes,2012,22,964
Geological formations and processes,2013,24,622
Geological formations and processes,2014,13,266
Geological formations and processes,2015,21,633
Geological formations and processes,2016,21,265
Geological formations and processes,2017,32,467
Geological formations and processes,2018,26,337
Geological formations and processes,2019,30,290
Geological formations and processes,2020,31,336
Geological formations and processes,2021,32,404
Geological formations and processes,2022,46,359
Geological formations and processes,2023,36,390
Geological formations and processes,2024,42,218
Geological formations and processes,2025,21,12
Geological formations and processes,2026,6,0
Geological Formations and Processes Exploration,1966,1,2
Geological Formations and Processes Exploration,1972,1,14
Geological Formations and Processes Exploration,1979,1,3
Geological Formations and Processes Exploration,1987,1,6
Geological Formations and Processes Exploration,1989,2,78
Geological Formations and Processes Exploration,1991,1,3
Geological Formations and Processes Exploration,1992,3,25
Geological Formations and Processes Exploration,1995,1,7
Geological Formations and Processes Exploration,1996,1,61
Geological Formations and Processes Exploration,1997,3,12
Geological Formations and Processes Exploration,1998,2,0
Geological Formations and Processes Exploration,2000,1,40
Geological Formations and Processes Exploration,2001,2,0
Geological Formations and Processes Exploration,2002,2,29
Geological Formations and Processes Exploration,2003,3,143
Geological Formations and Processes Exploration,2004,2,19
Geological Formations and Processes Exploration,2005,14,45
Geological Formations and Processes Exploration,2006,2,3
Geological Formations and Processes Exploration,2007,4,72
Geological Formations and Processes Exploration,2008,3,21
Geological Formations and Processes Exploration,2010,3,135
Geological Formations and Processes Exploration,2011,2,0
Geological Formations and Processes Exploration,2014,1,5
Geological Formations and Processes Exploration,2015,1,0
Geological Formations and Processes Exploration,2016,2,0
Geological Formations and Processes Exploration,2017,1,0
Geological Formations and Processes Exploration,2018,5,141
Geological Formations and Processes Exploration,2019,1,0
Geological Formations and Processes Exploration,2022,4,2
Geological Formations and Processes Exploration,2024,1,2
Geological Formations and Processes Exploration,2025,2,0
Geological Modeling and Analysis,1992,1,1
Geological Modeling and Analysis,1994,1,430
Geological Modeling and Analysis,2001,1,0
Geological Modeling and Analysis,2002,1,0
Geological Modeling and Analysis,2008,3,6
Geological Modeling and Analysis,2009,1,167
Geological Modeling and Analysis,2010,2,1
Geological Modeling and Analysis,2011,4,2
Geological Modeling and Analysis,2012,3,71
Geological Modeling and Analysis,2013,1,0
Geological Modeling and Analysis,2014,1,2
Geological Modeling and Analysis,2015,9,0
Geological Modeling and Analysis,2017,3,5
Geological Modeling and Analysis,2018,4,8
Geological Modeling and Analysis,2019,4,4
Geological Modeling and Analysis,2020,3,2
Geological Modeling and Analysis,2021,3,119
Geological Modeling and Analysis,2022,6,7
Geological Modeling and Analysis,2023,4,20
Geological Modeling and Analysis,2024,4,18
Geological Modeling and Analysis,2025,5,2
Geological Modeling and Analysis,2026,1,0
Geological Studies and Exploration,1976,1,20
Geological Studies and Exploration,1983,1,0
Geological Studies and Exploration,1984,2,25
Geological Studies and Exploration,1985,1,4
Geological Studies and Exploration,1986,3,80
Geological Studies and Exploration,1987,3,9
Geological Studies and Exploration,1988,2,202
Geological Studies and Exploration,1989,7,134
Geological Studies and Exploration,1990,2,3
Geological Studies and Exploration,1991,6,12
Geological Studies and Exploration,1993,2,16
Geological Studies and Exploration,1994,4,203
Geological Studies and Exploration,1995,3,151
Geological Studies and Exploration,1996,2,91
Geological Studies and Exploration,1997,2,100
Geological Studies and Exploration,1998,1,16
Geological Studies and Exploration,1999,3,104
Geological Studies and Exploration,2000,8,170
Geological Studies and Exploration,2001,5,41
Geological Studies and Exploration,2002,3,149
Geological Studies and Exploration,2003,9,47
Geological Studies and Exploration,2004,2,57
Geological Studies and Exploration,2005,5,40
Geological Studies and Exploration,2006,4,552
Geological Studies and Exploration,2008,2,77
Geological Studies and Exploration,2009,3,18
Geological Studies and Exploration,2010,12,231
Geological Studies and Exploration,2011,10,288
Geological Studies and Exploration,2012,9,167
Geological Studies and Exploration,2013,8,95
Geological Studies and Exploration,2014,18,317
Geological Studies and Exploration,2015,10,140
Geological Studies and Exploration,2016,10,355
Geological Studies and Exploration,2017,14,330
Geological Studies and Exploration,2018,13,169
Geological Studies and Exploration,2019,12,128
Geological Studies and Exploration,2020,13,80
Geological Studies and Exploration,2021,9,21
Geological Studies and Exploration,2022,16,102
Geological Studies and Exploration,2023,11,42
Geological Studies and Exploration,2024,7,21
Geological Studies and Exploration,2025,12,7
Geological Studies and Exploration,2026,1,0
Geology and Environmental Impact Studies,1998,1,0
Geology and Environmental Impact Studies,2005,1,3
Geology and Environmental Impact Studies,2016,1,0
Geology and Paleoclimatology Research,1962,1,14
Geology and Paleoclimatology Research,1966,2,5
Geology and Paleoclimatology Research,1970,1,0
Geology and Paleoclimatology Research,1980,1,21
Geology and Paleoclimatology Research,1981,3,30
Geology and Paleoclimatology Research,1982,2,44
Geology and Paleoclimatology Research,1983,2,3
Geology and Paleoclimatology Research,1985,4,191
Geology and Paleoclimatology Research,1987,9,205
Geology and Paleoclimatology Research,1989,13,380
Geology and Paleoclimatology Research,1990,7,634
Geology and Paleoclimatology Research,1991,12,123
Geology and Paleoclimatology Research,1992,5,120
Geology and Paleoclimatology Research,1993,3,117
Geology and Paleoclimatology Research,1994,7,465
Geology and Paleoclimatology Research,1995,9,234
Geology and Paleoclimatology Research,1996,9,731
Geology and Paleoclimatology Research,1997,12,179
Geology and Paleoclimatology Research,1998,7,332
Geology and Paleoclimatology Research,1999,9,262
Geology and Paleoclimatology Research,2000,9,181
Geology and Paleoclimatology Research,2001,9,373
Geology and Paleoclimatology Research,2002,12,964
Geology and Paleoclimatology Research,2003,6,325
Geology and Paleoclimatology Research,2004,16,505
Geology and Paleoclimatology Research,2005,34,818
Geology and Paleoclimatology Research,2006,20,913
Geology and Paleoclimatology Research,2007,13,403
Geology and Paleoclimatology Research,2008,18,558
Geology and Paleoclimatology Research,2009,22,1006
Geology and Paleoclimatology Research,2010,25,583
Geology and Paleoclimatology Research,2011,22,692
Geology and Paleoclimatology Research,2012,20,814
Geology and Paleoclimatology Research,2013,19,568
Geology and Paleoclimatology Research,2014,28,728
Geology and Paleoclimatology Research,2015,26,551
Geology and Paleoclimatology Research,2016,24,438
Geology and Paleoclimatology Research,2017,31,470
Geology and Paleoclimatology Research,2018,41,626
Geology and Paleoclimatology Research,2019,19,202
Geology and Paleoclimatology Research,2020,27,385
Geology and Paleoclimatology Research,2021,34,345
Geology and Paleoclimatology Research,2022,43,295
Geology and Paleoclimatology Research,2023,34,194
Geology and Paleoclimatology Research,2024,30,129
Geology and Paleoclimatology Research,2025,34,31
Geology and Paleoclimatology Research,2026,4,0
Geomagnetism and Paleomagnetism Studies,1991,5,0
Geomagnetism and Paleomagnetism Studies,1997,1,62
Geomagnetism and Paleomagnetism Studies,2000,1,0
Geomagnetism and Paleomagnetism Studies,2007,1,119
Geomagnetism and Paleomagnetism Studies,2013,1,11
Geomagnetism and Paleomagnetism Studies,2015,10,0
Geomagnetism and Paleomagnetism Studies,2016,2,0
Geomagnetism and Paleomagnetism Studies,2021,1,28
Geomagnetism and Paleomagnetism Studies,2022,1,0
Geomagnetism and Paleomagnetism Studies,2023,1,3
Geomagnetism and Paleomagnetism Studies,2024,1,1
Geomagnetism and Paleomagnetism Studies,2025,3,2
Geophysical and Geoelectrical Methods,1989,1,4
Geophysical and Geoelectrical Methods,1990,2,10
Geophysical and Geoelectrical Methods,2008,1,0
Geophysical and Geoelectrical Methods,2010,1,19
Geophysical and Geoelectrical Methods,2012,1,0
Geophysical and Geoelectrical Methods,2016,2,18
Geophysical and Geoelectrical Methods,2019,1,11
Geophysical and Geoelectrical Methods,2020,4,10
Geophysical and Geoelectrical Methods,2021,2,14
Geophysical and Geoelectrical Methods,2022,7,173
Geophysical and Geoelectrical Methods,2023,7,64
Geophysical and Geoelectrical Methods,2024,6,22
Geophysical and Geoelectrical Methods,2025,8,11
Geophysical and Geoelectrical Methods,2026,1,0
Geophysical Methods and Applications,1982,1,28
Geophysical Methods and Applications,2004,1,9
Geophysical Methods and Applications,2006,1,5
Geophysical Methods and Applications,2010,1,0
Geophysical Methods and Applications,2011,2,40
Geophysical Methods and Applications,2014,1,0
Geophysical Methods and Applications,2015,1,1
Geophysical Methods and Applications,2016,2,18
Geophysical Methods and Applications,2018,2,0
Geophysical Methods and Applications,2019,2,16
Geophysical Methods and Applications,2020,2,17
Geophysical Methods and Applications,2021,7,48
Geophysical Methods and Applications,2022,1,2
Geophysical Methods and Applications,2023,1,9
Geophysical Methods and Applications,2024,5,4
Geophysical Methods and Applications,2025,2,4
Geophysical Methods and Applications,2026,2,0
Geophysics and Gravity Measurements,2007,1,4
Geophysics and Gravity Measurements,2008,1,10
Geophysics and Gravity Measurements,2010,1,0
Geophysics and Gravity Measurements,2015,20,0
Geophysics and Gravity Measurements,2018,1,0
Geophysics and Gravity Measurements,2019,1,0
Geophysics and Gravity Measurements,2020,2,28
Geophysics and Gravity Measurements,2021,1,1
Geophysics and Gravity Measurements,2022,1,13
Geophysics and Gravity Measurements,2023,2,16
Geophysics and Gravity Measurements,2024,1,1
Geophysics and Gravity Measurements,2025,1,2
Geophysics and Sensor Technology,2011,1,9
Geophysics and Sensor Technology,2013,1,1
Geophysics and Sensor Technology,2016,1,11
Geophysics and Sensor Technology,2019,3,2
Geophysics and Sensor Technology,2020,1,0
Geophysics and Sensor Technology,2022,1,0
Geoscience and Mining Technology,2022,1,1
Geoscience and Mining Technology,2023,1,6
Geotechnical and construction materials studies,2019,1,0
Geotechnical and Geomechanical Engineering,1983,1,42
Geotechnical and Geomechanical Engineering,1998,1,16
Geotechnical and Geomechanical Engineering,2001,1,0
Geotechnical and Geomechanical Engineering,2007,1,0
Geotechnical and Geomechanical Engineering,2014,1,2
Geotechnical and Geomechanical Engineering,2015,1,1
Geotechnical and Geomechanical Engineering,2019,2,13
Geotechnical and Geomechanical Engineering,2022,1,0
Geotechnical Engineering and Soil Mechanics,1982,1,28
Geotechnical Engineering and Soil Mechanics,2006,2,5
Geotechnical Engineering and Soil Stabilization,2006,1,1
Geotechnical Engineering and Underground Structures,2004,1,3
Geotechnical Engineering and Underground Structures,2006,2,5
Geotechnical Engineering and Underground Structures,2020,1,15
Geotechnical Engineering and Underground Structures,2022,1,1
Geotechnical Engineering and Underground Structures,2024,1,2
Geothermal Energy Systems and Applications,2009,1,40
Geothermal Energy Systems and Applications,2011,2,1
Geothermal Energy Systems and Applications,2015,1,1
Geothermal Energy Systems and Applications,2020,1,4
Geothermal Energy Systems and Applications,2022,2,56
Geothermal Energy Systems and Applications,2023,3,93
Geothermal Energy Systems and Applications,2024,1,7
Geothermal Energy Systems and Applications,2025,8,10
Geotourism and Geoheritage Conservation,1962,1,4
Geotourism and Geoheritage Conservation,1981,1,4
Geotourism and Geoheritage Conservation,2017,1,0
Geotourism and Geoheritage Conservation,2019,1,4
Geotourism and Geoheritage Conservation,2023,3,40
Geotourism and Geoheritage Conservation,2024,4,26
Geotourism and Geoheritage Conservation,2025,3,0
German Economic Analysis & Policies,1985,1,0
Global Energy and Sustainability Research,2006,1,15
Global Energy and Sustainability Research,2007,1,40
Global Energy and Sustainability Research,2009,1,5
Global Energy and Sustainability Research,2011,1,0
Global Energy and Sustainability Research,2013,2,2
Global Energy and Sustainability Research,2015,2,1
Global Energy and Sustainability Research,2018,5,19
Global Energy and Sustainability Research,2019,1,0
Global Energy and Sustainability Research,2021,1,14
Global Energy and Sustainability Research,2025,2,2
GNSS positioning and interference,2019,1,0
GNSS positioning and interference,2020,1,14
Granular flow and fluidized beds,2025,1,4
"Graphite, nuclear technology, radiation studies",2025,1,1
Grey System Theory Applications,2021,1,10
Groundwater and Isotope Geochemistry,1987,1,6
Groundwater and Isotope Geochemistry,1997,1,15
Groundwater and Isotope Geochemistry,1998,1,14
Groundwater and Isotope Geochemistry,2001,2,7
Groundwater and Isotope Geochemistry,2003,2,40
Groundwater and Isotope Geochemistry,2007,1,16
Groundwater and Isotope Geochemistry,2009,1,30
Groundwater and Isotope Geochemistry,2010,1,32
Groundwater and Isotope Geochemistry,2015,5,77
Groundwater and Isotope Geochemistry,2016,2,2
Groundwater and Isotope Geochemistry,2017,1,8
Groundwater and Isotope Geochemistry,2018,2,29
Groundwater and Isotope Geochemistry,2019,1,1
Groundwater and Isotope Geochemistry,2020,16,59
Groundwater and Isotope Geochemistry,2021,2,46
Groundwater and Isotope Geochemistry,2022,2,80
Groundwater and Isotope Geochemistry,2023,6,117
Groundwater and Isotope Geochemistry,2024,12,90
Groundwater and Isotope Geochemistry,2025,12,19
Groundwater and Isotope Geochemistry,2026,1,1
Groundwater and Watershed Analysis,1997,1,15
Groundwater and Watershed Analysis,2001,4,11
Groundwater and Watershed Analysis,2003,1,3
Groundwater and Watershed Analysis,2007,1,16
Groundwater and Watershed Analysis,2010,2,19
Groundwater and Watershed Analysis,2011,1,1
Groundwater and Watershed Analysis,2017,1,17
Groundwater and Watershed Analysis,2018,1,29
Groundwater and Watershed Analysis,2019,2,8
Groundwater and Watershed Analysis,2020,12,32
Groundwater and Watershed Analysis,2022,3,82
Groundwater and Watershed Analysis,2023,4,55
Groundwater and Watershed Analysis,2024,7,19
Groundwater and Watershed Analysis,2025,4,3
Groundwater flow and contamination studies,1997,1,15
Groundwater flow and contamination studies,2001,1,4
Groundwater flow and contamination studies,2003,1,37
Groundwater flow and contamination studies,2010,3,23
Groundwater flow and contamination studies,2011,1,1
Groundwater flow and contamination studies,2012,1,7
Groundwater flow and contamination studies,2017,1,8
Groundwater flow and contamination studies,2019,2,74
Groundwater flow and contamination studies,2020,7,13
Groundwater flow and contamination studies,2021,3,45
Groundwater flow and contamination studies,2022,6,157
Groundwater flow and contamination studies,2023,4,73
Groundwater flow and contamination studies,2024,3,17
Groundwater flow and contamination studies,2025,3,2
"Grouting, Rheology, and Soil Mechanics",2019,2,6
"Grouting, Rheology, and Soil Mechanics",2023,1,1
"Grouting, Rheology, and Soil Mechanics",2025,1,0
Head and Neck Anomalies,2019,1,8
"Health, Medicine and Society",1988,1,4
"Health, Medicine and Society",1990,1,0
"Health, Medicine and Society",1991,2,0
"Health, Medicine and Society",1992,1,2
"Health, Medicine and Society",1995,1,4
"Health, Medicine and Society",1996,1,0
"Health, Medicine and Society",1997,3,14
"Health, Medicine and Society",1998,1,0
"Health, Medicine and Society",2003,1,0
"Health, Medicine and Society",2005,1,0
"Health, Medicine and Society",2007,1,0
"Health, Medicine and Society",2011,2,0
Healthcare and Environmental Waste Management,2020,1,6
Healthcare Policy and Management,2003,1,1
Healthcare Policy and Management,2006,1,0
Healthcare Systems and Technology,2006,1,0
Heavy Metal Pollution Remediation,1999,1,6
Heavy metals in environment,2008,1,39
Heavy metals in environment,2009,1,30
Heavy metals in environment,2018,1,0
Heavy metals in environment,2019,1,0
Heavy metals in environment,2021,1,11
Heavy metals in environment,2022,2,21
Heavy metals in environment,2024,1,3
Heavy metals in environment,2025,2,16
Hematopoietic Stem Cell Transplantation,1978,1,24
Hemispheric Asymmetry in Neuroscience,1977,1,123
Hermeneutics and Narrative Identity,1988,1,4
Hermeneutics and Narrative Identity,1990,1,0
Hermeneutics and Narrative Identity,1991,2,0
Hermeneutics and Narrative Identity,1992,1,2
Hermeneutics and Narrative Identity,1995,1,4
Hermeneutics and Narrative Identity,1996,1,0
Hermeneutics and Narrative Identity,1997,3,14
Hermeneutics and Narrative Identity,1998,1,0
Hermeneutics and Narrative Identity,2003,1,0
Hermeneutics and Narrative Identity,2005,1,0
Hermeneutics and Narrative Identity,2007,1,0
Hermeneutics and Narrative Identity,2011,2,0
Hermeneutics and Narrative Identity,2023,1,0
High Temperature Alloys and Creep,2010,1,0
High-pressure geophysics and materials,1995,1,75
High-pressure geophysics and materials,1997,1,178
High-pressure geophysics and materials,2001,1,4
High-pressure geophysics and materials,2002,2,81
High-pressure geophysics and materials,2003,4,747
High-pressure geophysics and materials,2004,7,739
High-pressure geophysics and materials,2005,4,319
High-pressure geophysics and materials,2006,6,539
High-pressure geophysics and materials,2007,5,567
High-pressure geophysics and materials,2008,6,597
High-pressure geophysics and materials,2009,4,362
High-pressure geophysics and materials,2010,5,1047
High-pressure geophysics and materials,2011,6,983
High-pressure geophysics and materials,2012,5,809
High-pressure geophysics and materials,2013,4,1186
High-pressure geophysics and materials,2014,6,477
High-pressure geophysics and materials,2015,8,910
High-pressure geophysics and materials,2016,6,290
High-pressure geophysics and materials,2017,14,1411
High-pressure geophysics and materials,2018,18,761
High-pressure geophysics and materials,2019,7,454
High-pressure geophysics and materials,2020,5,605
High-pressure geophysics and materials,2021,9,209
High-pressure geophysics and materials,2022,6,58
High-pressure geophysics and materials,2023,7,45
High-pressure geophysics and materials,2024,9,76
High-pressure geophysics and materials,2025,5,9
High-pressure geophysics and materials,2026,2,0
Historical and Environmental Studies,1978,1,0
Historical and Literary Analyses,1995,1,8
Historical and Literary Studies,1966,1,0
Historical and Literary Studies,2005,1,0
Historical and socio-economic studies of Spain and related regions,2011,1,0
Historical Art and Culture Studies,1995,1,8
Historical Astronomy and Related Studies,2022,1,0
Historical Geography and Cartography,2015,2,0
"Historical, Religious, and Philosophical Studies",2003,1,1
History and advancements in chemistry,1997,1,0
History and advancements in chemistry,2018,1,46
History of Science and Natural History,1966,1,39
History of Science and Natural History,1987,1,0
History of Science and Natural History,2018,1,1
History of Science and Natural History,2023,1,0
Hormonal Regulation and Hypertension,1995,1,119
Human auditory perception and evaluation,2003,1,0
Human auditory perception and evaluation,2005,1,0
Human auditory perception and evaluation,2021,1,0
Humor Studies and Applications,2001,1,131
Hybrid Renewable Energy Systems,2024,3,15
Hybrid Renewable Energy Systems,2025,2,11
Hydraulic and Pneumatic Systems,2003,1,1
Hydraulic Fracturing and Reservoir Analysis,1990,1,33
Hydraulic Fracturing and Reservoir Analysis,1993,2,47
Hydraulic Fracturing and Reservoir Analysis,1994,2,108
Hydraulic Fracturing and Reservoir Analysis,1997,2,30
Hydraulic Fracturing and Reservoir Analysis,2003,3,221
Hydraulic Fracturing and Reservoir Analysis,2004,2,39
Hydraulic Fracturing and Reservoir Analysis,2005,2,0
Hydraulic Fracturing and Reservoir Analysis,2006,4,110
Hydraulic Fracturing and Reservoir Analysis,2007,1,0
Hydraulic Fracturing and Reservoir Analysis,2008,7,37
Hydraulic Fracturing and Reservoir Analysis,2009,1,1
Hydraulic Fracturing and Reservoir Analysis,2010,7,11
Hydraulic Fracturing and Reservoir Analysis,2011,6,9
Hydraulic Fracturing and Reservoir Analysis,2012,4,433
Hydraulic Fracturing and Reservoir Analysis,2013,6,140
Hydraulic Fracturing and Reservoir Analysis,2014,10,71
Hydraulic Fracturing and Reservoir Analysis,2015,7,18
Hydraulic Fracturing and Reservoir Analysis,2016,16,278
Hydraulic Fracturing and Reservoir Analysis,2017,17,134
Hydraulic Fracturing and Reservoir Analysis,2018,18,210
Hydraulic Fracturing and Reservoir Analysis,2019,29,489
Hydraulic Fracturing and Reservoir Analysis,2020,25,407
Hydraulic Fracturing and Reservoir Analysis,2021,21,244
Hydraulic Fracturing and Reservoir Analysis,2022,35,325
Hydraulic Fracturing and Reservoir Analysis,2023,34,440
Hydraulic Fracturing and Reservoir Analysis,2024,41,278
Hydraulic Fracturing and Reservoir Analysis,2025,30,42
Hydraulic Fracturing and Reservoir Analysis,2026,2,0
Hydrocarbon exploration and reservoir analysis,1977,1,4
Hydrocarbon exploration and reservoir analysis,1982,1,11
Hydrocarbon exploration and reservoir analysis,1983,2,64
Hydrocarbon exploration and reservoir analysis,1984,4,34
Hydrocarbon exploration and reservoir analysis,1985,5,89
Hydrocarbon exploration and reservoir analysis,1986,5,201
Hydrocarbon exploration and reservoir analysis,1987,7,112
Hydrocarbon exploration and reservoir analysis,1988,2,202
Hydrocarbon exploration and reservoir analysis,1989,7,217
Hydrocarbon exploration and reservoir analysis,1990,9,250
Hydrocarbon exploration and reservoir analysis,1991,8,156
Hydrocarbon exploration and reservoir analysis,1992,2,212
Hydrocarbon exploration and reservoir analysis,1993,9,280
Hydrocarbon exploration and reservoir analysis,1994,6,265
Hydrocarbon exploration and reservoir analysis,1995,9,233
Hydrocarbon exploration and reservoir analysis,1996,3,67
Hydrocarbon exploration and reservoir analysis,1997,6,275
Hydrocarbon exploration and reservoir analysis,1998,7,156
Hydrocarbon exploration and reservoir analysis,1999,3,279
Hydrocarbon exploration and reservoir analysis,2000,9,524
Hydrocarbon exploration and reservoir analysis,2001,8,603
Hydrocarbon exploration and reservoir analysis,2002,6,302
Hydrocarbon exploration and reservoir analysis,2003,17,814
Hydrocarbon exploration and reservoir analysis,2004,11,411
Hydrocarbon exploration and reservoir analysis,2005,7,346
Hydrocarbon exploration and reservoir analysis,2006,14,462
Hydrocarbon exploration and reservoir analysis,2007,7,276
Hydrocarbon exploration and reservoir analysis,2008,22,388
Hydrocarbon exploration and reservoir analysis,2009,13,311
Hydrocarbon exploration and reservoir analysis,2010,44,1230
Hydrocarbon exploration and reservoir analysis,2011,23,857
Hydrocarbon exploration and reservoir analysis,2012,36,1531
Hydrocarbon exploration and reservoir analysis,2013,37,800
Hydrocarbon exploration and reservoir analysis,2014,47,1158
Hydrocarbon exploration and reservoir analysis,2015,50,776
Hydrocarbon exploration and reservoir analysis,2016,54,1211
Hydrocarbon exploration and reservoir analysis,2017,67,1078
Hydrocarbon exploration and reservoir analysis,2018,51,638
Hydrocarbon exploration and reservoir analysis,2019,65,1304
Hydrocarbon exploration and reservoir analysis,2020,56,727
Hydrocarbon exploration and reservoir analysis,2021,66,697
Hydrocarbon exploration and reservoir analysis,2022,96,1018
Hydrocarbon exploration and reservoir analysis,2023,84,895
Hydrocarbon exploration and reservoir analysis,2024,134,598
Hydrocarbon exploration and reservoir analysis,2025,108,153
Hydrocarbon exploration and reservoir analysis,2026,17,2
Hydrogen Storage and Materials,2024,2,9
Hydrological Forecasting Using AI,2022,6,213
Hydrological Forecasting Using AI,2023,1,30
Hydrological Forecasting Using AI,2024,4,39
Hydrological Forecasting Using AI,2025,2,2
Hydrology and Drought Analysis,2020,1,0
Hydrology and Drought Analysis,2022,1,61
Hydrology and Drought Analysis,2023,1,32
Hydrology and Sediment Transport Processes,1989,1,132
Hydrology and Sediment Transport Processes,2015,2,70
Hydrology and Sediment Transport Processes,2019,1,9
Hydrology and Sediment Transport Processes,2021,3,14
Hydrology and Sediment Transport Processes,2022,1,0
Hydrology and Sediment Transport Processes,2024,1,4
Hydrology and Sediment Transport Processes,2025,1,0
Hydrology and Watershed Management Studies,2010,1,4
Hydrology and Watershed Management Studies,2011,1,1
Hydrology and Watershed Management Studies,2018,1,0
Hydrology and Watershed Management Studies,2020,2,7
Hydrology and Watershed Management Studies,2021,1,13
Hydrology and Watershed Management Studies,2022,3,89
Hydrology and Watershed Management Studies,2023,2,60
Hydrology and Watershed Management Studies,2024,2,18
Ichthyology and Marine Biology,1991,1,0
Ichthyology and Marine Biology,1999,1,18
Ichthyology and Marine Biology,2010,1,85
Ichthyology and Marine Biology,2015,1,63
Ichthyology and Marine Biology,2016,1,9
Ichthyology and Marine Biology,2018,1,12
Ichthyology and Marine Biology,2019,1,126
Ichthyology and Marine Biology,2020,1,27
Ichthyology and Marine Biology,2022,3,1
Ichthyology and Marine Biology,2023,1,2
Image and Signal Denoising Methods,1994,1,3
Image and Signal Denoising Methods,2015,1,0
Image and Signal Denoising Methods,2017,1,0
Image and Signal Denoising Methods,2019,5,29
Image and Signal Denoising Methods,2022,1,8
Image and Signal Denoising Methods,2023,2,15
Image and Signal Denoising Methods,2025,2,1
Image Processing and 3D Reconstruction,2020,1,0
Image Processing and 3D Reconstruction,2022,2,0
Image Processing and 3D Reconstruction,2023,2,13
Image Processing and 3D Reconstruction,2024,2,14
Image Processing Techniques and Applications,2019,1,0
Image Processing Techniques and Applications,2022,1,8
Immune Cell Function and Interaction,1978,1,24
Immune Cell Function and Interaction,2021,1,31
Immunotherapy and Immune Responses,1975,1,99
Impact of Light on Environment and Health,2023,1,12
Industrial Automation and Control Systems,1986,2,75
Industrial Gas Emission Control,2026,1,0
Inertial Sensor and Navigation,2015,4,0
Inertial Sensor and Navigation,2019,1,0
Inertial Sensor and Navigation,2020,1,14
Information and Cyber Security,2019,1,2
Infrared Target Detection Methodologies,2015,2,0
Infrastructure Maintenance and Monitoring,2025,1,3
Inhalation and Respiratory Drug Delivery,2022,1,1
"Innovation, Sustainability, Human-Machine Systems",2018,1,0
Innovative concrete reinforcement materials,2022,1,9
Innovative Microfluidic and Catalytic Techniques Innovation,2022,1,1
Integrated Energy Systems Optimization,2022,1,80
Integrated Energy Systems Optimization,2026,1,0
Integrated Water Resources Management,1992,1,0
Integrated Water Resources Management,2005,1,3
Integrated Water Resources Management,2011,1,0
Internet of Things and AI,2023,1,30
Ionic liquids properties and applications,2024,1,3
Iron oxide chemistry and applications,2013,1,39
Iron oxide chemistry and applications,2023,1,10
Islamic Studies and History,2005,1,11
Islamic Studies and History,2010,1,0
Isotope Analysis in Ecology,1972,1,58
Isotope Analysis in Ecology,1985,1,93
Isotope Analysis in Ecology,1987,2,44
Isotope Analysis in Ecology,1989,1,44
Isotope Analysis in Ecology,1990,1,23
Isotope Analysis in Ecology,1995,1,6
Isotope Analysis in Ecology,1997,1,4
Isotope Analysis in Ecology,1998,1,261
Isotope Analysis in Ecology,1999,2,45
Isotope Analysis in Ecology,2001,3,113
Isotope Analysis in Ecology,2002,1,0
Isotope Analysis in Ecology,2004,1,18
Isotope Analysis in Ecology,2006,1,11
Isotope Analysis in Ecology,2008,1,0
Isotope Analysis in Ecology,2010,4,105
Isotope Analysis in Ecology,2011,4,91
Isotope Analysis in Ecology,2012,3,97
Isotope Analysis in Ecology,2013,1,0
Isotope Analysis in Ecology,2014,4,53
Isotope Analysis in Ecology,2015,1,13
Isotope Analysis in Ecology,2016,5,123
Isotope Analysis in Ecology,2017,4,23
Isotope Analysis in Ecology,2018,3,19
Isotope Analysis in Ecology,2019,6,64
Isotope Analysis in Ecology,2020,2,21
Isotope Analysis in Ecology,2021,6,37
Isotope Analysis in Ecology,2022,10,31
Isotope Analysis in Ecology,2023,5,3
Isotope Analysis in Ecology,2024,2,3
Jungian Analytical Psychology,2023,1,0
Karst Systems and Hydrogeology,1962,1,0
Karst Systems and Hydrogeology,1978,1,0
Karst Systems and Hydrogeology,2001,1,3
Karst Systems and Hydrogeology,2003,1,37
Karst Systems and Hydrogeology,2007,1,16
Karst Systems and Hydrogeology,2010,1,66
Karst Systems and Hydrogeology,2014,1,3
Karst Systems and Hydrogeology,2018,1,29
Karst Systems and Hydrogeology,2020,3,5
Karst Systems and Hydrogeology,2021,1,0
Karst Systems and Hydrogeology,2023,2,20
Karst Systems and Hydrogeology,2024,2,9
Karst Systems and Hydrogeology,2025,1,0
Karst Systems and Hydrogeology,2026,4,0
Land Use and Ecosystem Services,2022,1,28
Landfill Environmental Impact Studies,1998,1,0
Landslides and related hazards,2000,1,0
Landslides and related hazards,2010,1,0
Landslides and related hazards,2012,1,13
Landslides and related hazards,2015,1,33
Landslides and related hazards,2018,1,9
Landslides and related hazards,2020,1,3
Landslides and related hazards,2023,1,0
Landslides and related hazards,2024,2,3
Landslides and related hazards,2025,1,2
Language and Culture,1993,2,14
Language Development and Disorders,2006,1,0
"Language, Metaphor, and Cognition",2022,1,0
"Law, logistics, and international trade",2019,1,8
Leadership and Management in Organizations,2003,1,1
Legal case studies and regulations,1999,1,0
Legal case studies and regulations,2005,1,0
Legal case studies and regulations,2021,1,0
Legal Cases and Commentary,1999,1,0
Legal Cases and Commentary,2005,1,0
Legal Education and Practice Innovations,2004,1,0
Lichen and fungal ecology,2009,1,0
Lignin and Wood Chemistry,2005,1,50
Linguistics and Discourse Analysis,1983,1,0
linguistics and terminology studies,2006,1,0
Machine Learning and ELM,2023,1,23
Magnesium Oxide Properties and Applications,2022,1,9
Marine and coastal ecosystems,2003,1,0
Marine and coastal ecosystems,2018,3,37
Marine and coastal ecosystems,2019,2,4
Marine and coastal ecosystems,2021,2,96
Marine and coastal ecosystems,2022,3,67
Marine and coastal ecosystems,2024,1,3
Marine and coastal ecosystems,2025,2,1
Marine and Coastal Ecosystems,2022,1,1
Marine and coastal plant biology,2006,1,37
Marine and coastal plant biology,2007,1,2
Marine and coastal plant biology,2009,1,1
Marine and coastal plant biology,2014,1,37
Marine and coastal plant biology,2017,1,20
Marine and coastal plant biology,2018,1,0
Marine and coastal plant biology,2019,2,17
Marine and coastal plant biology,2020,1,7
Marine and coastal plant biology,2021,1,0
Marine and coastal plant biology,2022,1,0
Marine and coastal plant biology,2023,1,1
Marine and Coastal Research,2019,1,0
Marine and environmental studies,1972,1,58
Marine and environmental studies,1976,1,20
Marine and environmental studies,1979,1,3
Marine and environmental studies,1982,1,47
Marine and environmental studies,1983,1,62
Marine and environmental studies,1985,1,11
Marine and environmental studies,1986,1,14
Marine and environmental studies,1987,1,0
Marine and environmental studies,1991,3,10
Marine and environmental studies,1992,3,51
Marine and environmental studies,1994,1,33
Marine and environmental studies,1996,1,3
Marine and environmental studies,1997,5,33
Marine and environmental studies,1998,2,20
Marine and environmental studies,1999,1,16
Marine and environmental studies,2000,4,76
Marine and environmental studies,2001,1,3
Marine and environmental studies,2002,7,584
Marine and environmental studies,2003,4,14
Marine and environmental studies,2004,2,81
Marine and environmental studies,2005,8,263
Marine and environmental studies,2006,2,59
Marine and environmental studies,2007,4,159
Marine and environmental studies,2008,2,23
Marine and environmental studies,2009,2,26
Marine and environmental studies,2010,7,151
Marine and environmental studies,2011,2,16
Marine and environmental studies,2012,4,78
Marine and environmental studies,2013,4,21
Marine and environmental studies,2014,3,34
Marine and environmental studies,2015,3,17
Marine and environmental studies,2016,4,10
Marine and environmental studies,2017,8,8
Marine and environmental studies,2018,5,5
Marine and environmental studies,2019,4,13
Marine and environmental studies,2020,7,3
Marine and environmental studies,2021,2,15
Marine and environmental studies,2022,12,15
Marine and environmental studies,2023,8,6
Marine and environmental studies,2024,4,25
Marine and environmental studies,2025,5,8
Marine and fisheries research,1991,1,16
Marine and fisheries research,2008,1,14
Marine and fisheries research,2018,1,3
Marine and fisheries research,2019,2,4
Marine and fisheries research,2022,2,21
Marine and Offshore Engineering Studies,2026,1,0
Marine animal studies overview,2022,1,0
Marine Biology and Ecology Research,1983,1,3
Marine Biology and Ecology Research,1985,1,93
Marine Biology and Ecology Research,1987,2,63
Marine Biology and Ecology Research,1988,1,14
Marine Biology and Ecology Research,1989,2,58
Marine Biology and Ecology Research,1990,2,50
Marine Biology and Ecology Research,1991,1,16
Marine Biology and Ecology Research,1993,1,4
Marine Biology and Ecology Research,1996,3,140
Marine Biology and Ecology Research,1997,3,100
Marine Biology and Ecology Research,1998,1,261
Marine Biology and Ecology Research,1999,2,63
Marine Biology and Ecology Research,2000,2,32
Marine Biology and Ecology Research,2001,3,167
Marine Biology and Ecology Research,2002,1,29
Marine Biology and Ecology Research,2003,2,103
Marine Biology and Ecology Research,2005,8,152
Marine Biology and Ecology Research,2006,4,103
Marine Biology and Ecology Research,2007,5,194
Marine Biology and Ecology Research,2008,10,294
Marine Biology and Ecology Research,2009,4,94
Marine Biology and Ecology Research,2010,4,119
Marine Biology and Ecology Research,2011,6,65
Marine Biology and Ecology Research,2012,4,65
Marine Biology and Ecology Research,2013,3,12
Marine Biology and Ecology Research,2014,3,60
Marine Biology and Ecology Research,2015,3,13
Marine Biology and Ecology Research,2016,7,73
Marine Biology and Ecology Research,2017,7,57
Marine Biology and Ecology Research,2018,11,56
Marine Biology and Ecology Research,2019,8,92
Marine Biology and Ecology Research,2020,5,16
Marine Biology and Ecology Research,2021,6,30
Marine Biology and Ecology Research,2022,9,55
Marine Biology and Ecology Research,2023,4,10
Marine Biology and Ecology Research,2024,5,20
Marine Biology and Ecology Research,2025,8,2
Marine Biology and Ecology Research,2026,1,0
Marine Biology and Environmental Chemistry,1972,1,58
Marine Biology and Environmental Chemistry,2017,1,1
Marine Bivalve and Aquaculture Studies,2001,1,68
Marine Bivalve and Aquaculture Studies,2015,1,0
Marine Bivalve and Aquaculture Studies,2016,1,65
Marine Bivalve and Aquaculture Studies,2023,2,1
Marine Bivalve and Aquaculture Studies,2024,1,6
Marine Ecology and Invasive Species,2000,1,28
Marine Ecology and Invasive Species,2004,1,25
Marine Ecology and Invasive Species,2008,1,0
Marine Ecology and Invasive Species,2015,1,63
Marine Invertebrate Physiology and Ecology,2002,1,106
Marine Invertebrate Physiology and Ecology,2004,1,18
Marine Invertebrate Physiology and Ecology,2007,1,96
Marine Sponges and Natural Products,2010,1,133
Marine Sponges and Natural Products,2019,1,126
Marine Toxins and Detection Methods,2018,1,0
Maritime and Coastal Archaeology,1962,2,4
Maritime and Coastal Archaeology,1980,1,6
Maritime and Coastal Archaeology,1982,1,5
Maritime and Coastal Archaeology,1994,1,29
Maritime and Coastal Archaeology,2002,1,23
Maritime and Coastal Archaeology,2007,1,0
Maritime and Coastal Archaeology,2010,2,18
Maritime and Coastal Archaeology,2013,1,10
Maritime and Coastal Archaeology,2014,1,0
Maritime and Coastal Archaeology,2017,1,33
Maritime and Coastal Archaeology,2018,1,5
Maritime and Coastal Archaeology,2019,2,4
Maritime and Coastal Archaeology,2020,1,0
Maritime and Coastal Archaeology,2022,3,1
Maritime and Coastal Archaeology,2023,2,14
Maritime and Coastal Archaeology,2024,1,14
Maritime Navigation and Safety,2022,2,38
Maritime Navigation and Safety,2024,1,0
Market Dynamics and Volatility,2006,1,15
Market Dynamics and Volatility,2021,1,10
Market Dynamics and Volatility,2025,1,2
Mass Spectrometry Techniques and Applications,2015,2,0
Materials Engineering and Processing,2026,1,0
Media Influence and Health,2001,1,131
Medical History and Innovations,1997,1,0
Medical Image Segmentation Techniques,2019,1,1
Medical Imaging Techniques and Applications,2015,1,5
Medical Imaging Techniques and Applications,2020,1,0
Mediterranean and Iberian flora and fauna,1989,1,6
Mediterranean and Iberian flora and fauna,1999,2,20
Mediterranean and Iberian flora and fauna,2005,2,4
Mediterranean and Iberian flora and fauna,2015,1,3
Membrane Separation Technologies,2023,4,130
Membrane-based Ion Separation Techniques,2023,1,45
Membrane-based Ion Separation Techniques,2025,2,3
Mercury impact and mitigation studies,2021,1,0
Metal Extraction and Bioleaching,1988,1,218
Metal Extraction and Bioleaching,1990,1,4
Metal Extraction and Bioleaching,1992,1,1
Metal Extraction and Bioleaching,2023,1,1
Metal Extraction and Bioleaching,2025,1,0
Metal Forming Simulation Techniques,2022,1,0
Metallurgical Processes and Thermodynamics,2021,1,19
Methane Hydrates and Related Phenomena,1984,1,22
Methane Hydrates and Related Phenomena,1985,1,4
Methane Hydrates and Related Phenomena,1987,3,9
Methane Hydrates and Related Phenomena,1989,7,41
Methane Hydrates and Related Phenomena,1990,1,29
Methane Hydrates and Related Phenomena,1991,3,29
Methane Hydrates and Related Phenomena,1994,2,479
Methane Hydrates and Related Phenomena,1995,1,6
Methane Hydrates and Related Phenomena,1996,1,76
Methane Hydrates and Related Phenomena,1998,2,20
Methane Hydrates and Related Phenomena,1999,2,38
Methane Hydrates and Related Phenomena,2001,2,31
Methane Hydrates and Related Phenomena,2003,2,347
Methane Hydrates and Related Phenomena,2004,2,70
Methane Hydrates and Related Phenomena,2005,5,117
Methane Hydrates and Related Phenomena,2006,8,777
Methane Hydrates and Related Phenomena,2008,4,93
Methane Hydrates and Related Phenomena,2009,5,183
Methane Hydrates and Related Phenomena,2010,7,131
Methane Hydrates and Related Phenomena,2011,5,57
Methane Hydrates and Related Phenomena,2012,5,85
Methane Hydrates and Related Phenomena,2013,5,49
Methane Hydrates and Related Phenomena,2014,15,433
Methane Hydrates and Related Phenomena,2015,64,198
Methane Hydrates and Related Phenomena,2016,8,150
Methane Hydrates and Related Phenomena,2017,20,249
Methane Hydrates and Related Phenomena,2018,12,137
Methane Hydrates and Related Phenomena,2019,11,139
Methane Hydrates and Related Phenomena,2020,11,65
Methane Hydrates and Related Phenomena,2021,18,156
Methane Hydrates and Related Phenomena,2022,13,126
Methane Hydrates and Related Phenomena,2023,16,378
Methane Hydrates and Related Phenomena,2024,29,242
Methane Hydrates and Related Phenomena,2025,23,28
Methane Hydrates and Related Phenomena,2026,3,0
Microbial Applications in Construction Materials,2025,1,1
Microbial Applications in Construction Materials,2026,1,0
Microbial Community Ecology and Physiology,2010,1,55
Microbial Community Ecology and Physiology,2019,1,59
Microbial Community Ecology and Physiology,2024,1,4
Microbial Community Ecology and Physiology,2025,1,1
Microbial Community Ecology and Physiology,2026,1,0
Microplastics and Plastic Pollution,2024,2,4
Mine drainage and remediation techniques,2005,1,5
Mine drainage and remediation techniques,2008,1,39
Mine drainage and remediation techniques,2015,2,39
Mine drainage and remediation techniques,2020,1,33
Mine drainage and remediation techniques,2024,2,1
Mine drainage and remediation techniques,2025,2,9
Mine drainage and remediation techniques,2026,1,0
Mineral Processing and Grinding,1988,1,56
Mineral Processing and Grinding,2016,2,53
Mineral Processing and Grinding,2017,2,3
Mineral Processing and Grinding,2018,1,6
Mineral Processing and Grinding,2020,6,99
Mineral Processing and Grinding,2021,2,4
Mineral Processing and Grinding,2022,6,38
Mineral Processing and Grinding,2023,2,7
Mineral Processing and Grinding,2024,2,0
Mineral Processing and Grinding,2025,3,5
Mineral Processing and Grinding,2026,1,0
Mineralogy and Gemology Studies,1982,1,0
Mineralogy and Gemology Studies,1990,1,4
Mineralogy and Gemology Studies,2003,1,0
Mineralogy and Gemology Studies,2007,1,0
Mineralogy and Gemology Studies,2009,1,0
Mineralogy and Gemology Studies,2011,1,0
Mineralogy and Gemology Studies,2017,1,0
Mineralogy and Gemology Studies,2020,3,93
Mineralogy and Gemology Studies,2022,2,1
Mineralogy and Gemology Studies,2025,1,0
Mineralogy and Gemology Studies,2026,1,0
Minerals Flotation and Separation Techniques,1988,1,56
Mining and Gasification Technologies,1990,1,0
Mining and Gasification Technologies,1992,1,1
Mining and Gasification Technologies,2003,1,0
Mining and Gasification Technologies,2014,1,2
Mining and Resource Management,2015,1,0
Mining and Resource Management,2023,1,1
Mining Techniques and Economics,1983,1,2
Mining Techniques and Economics,1990,1,0
Molecular Biology Techniques and Applications,2014,4,0
Mollusks and Parasites Studies,1959,1,2
Mollusks and Parasites Studies,1960,1,2
Mollusks and Parasites Studies,1998,1,3
Mollusks and Parasites Studies,2005,1,0
Mollusks and Parasites Studies,2018,1,0
Monetary Policy and Economic Impact,1985,1,0
Morphological variations and asymmetry,1984,1,21
Morphological variations and asymmetry,2021,1,3
Multiple Myeloma Research and Treatments,2021,1,31
Multisensory perception and integration,1977,1,123
Municipal Solid Waste Management,2019,1,0
Mycobacterium research and diagnosis,2017,1,69
Mycorrhizal Fungi and Plant Interactions,2025,1,0
Nanomaterials for catalytic reactions,2025,1,5
Nanoporous metals and alloys,2025,1,2
National Identity and Symbolism,2015,1,0
Natural Resources and Economic Development,2018,1,5
Natural Resources and Economic Development,2024,1,3
Nematode management and characterization studies,2004,1,25
Neural Networks and Applications,2009,1,11
Neural Networks and Applications,2019,1,2
Neural Networks and Applications,2023,1,0
Neurobiology and Insect Physiology Research,2010,1,133
Neurobiology and Insect Physiology Research,2020,1,9
Neuroendocrine regulation and behavior,2000,1,104
Neuropeptides and Animal Physiology,1988,1,52
Neuropeptides and Animal Physiology,1991,1,41
Neuroscience and Music Perception,1977,1,123
NMR spectroscopy and applications,2017,1,182
NMR spectroscopy and applications,2018,1,30
NMR spectroscopy and applications,2019,4,102
NMR spectroscopy and applications,2020,3,77
NMR spectroscopy and applications,2021,4,40
NMR spectroscopy and applications,2022,3,14
NMR spectroscopy and applications,2024,2,20
NMR spectroscopy and applications,2025,3,3
Nuclear Materials and Properties,2010,1,0
Nuclear materials and radiation effects,2011,1,24
Nuclear Physics and Applications,2015,2,0
Nuclear Physics and Applications,2023,1,10
"Nursing Education, Practice, and Leadership",2004,1,0
Ocean Acidification Effects and Responses,2010,1,18
Ocean Acidification Effects and Responses,2013,1,0
Ocean Acidification Effects and Responses,2023,1,0
Ocean Acidification Effects and Responses,2024,3,14
Ocean Acidification Effects and Responses,2025,1,0
Oceanographic and Atmospheric Processes,2013,1,10
Oceanographic and Atmospheric Processes,2015,2,0
Oceanographic and Atmospheric Processes,2024,1,1
Oceanographic and Atmospheric Processes,2025,1,1
Offshore Engineering and Technologies,2014,1,0
Offshore Engineering and Technologies,2015,14,0
Offshore Engineering and Technologies,2020,6,0
Oil and Gas Production Techniques,1988,1,12
Oil and Gas Production Techniques,2003,1,1
Oil and Gas Production Techniques,2008,2,2
Oil and Gas Production Techniques,2018,1,2
Oil and Gas Production Techniques,2023,2,5
Oil and Gas Production Techniques,2024,1,1
Oil and Gas Production Techniques,2025,1,0
Oil Palm Production and Sustainability,2021,1,0
Oil Spill Detection and Mitigation,2019,1,0
Oil Spill Detection and Mitigation,2021,3,173
Oil Spill Detection and Mitigation,2022,1,38
"Oil, Gas, and Environmental Issues",2015,1,50
Olfactory and Sensory Function Studies,1991,2,23
Online and Blended Learning,2019,2,8
Optical measurement and interference techniques,2025,1,0
Oral and Maxillofacial Pathology,2024,1,10
Oral microbiology and periodontitis research,2005,1,27
Oral microbiology and periodontitis research,2007,1,6
Organizational Learning and Leadership,1997,1,0
Oropharyngeal Anatomy and Pathologies,2019,1,8
Paleontology and Evolutionary Biology,1964,1,1
Paleontology and Evolutionary Biology,1966,1,39
Paleontology and Evolutionary Biology,1985,1,1
Paleontology and Evolutionary Biology,1991,1,18
Paleontology and Evolutionary Biology,1993,1,125
Paleontology and Evolutionary Biology,1996,1,8
Paleontology and Evolutionary Biology,1999,3,45
Paleontology and Evolutionary Biology,2000,4,70
Paleontology and Evolutionary Biology,2002,1,0
Paleontology and Evolutionary Biology,2005,3,57
Paleontology and Evolutionary Biology,2006,4,62
Paleontology and Evolutionary Biology,2007,3,101
Paleontology and Evolutionary Biology,2008,3,168
Paleontology and Evolutionary Biology,2009,2,86
Paleontology and Evolutionary Biology,2011,1,2
Paleontology and Evolutionary Biology,2012,1,102
Paleontology and Evolutionary Biology,2013,1,17
Paleontology and Evolutionary Biology,2014,1,117
Paleontology and Evolutionary Biology,2016,2,30
Paleontology and Evolutionary Biology,2017,4,7
Paleontology and Evolutionary Biology,2018,2,17
Paleontology and Evolutionary Biology,2019,1,9
Paleontology and Evolutionary Biology,2020,2,36
Paleontology and Evolutionary Biology,2021,1,33
Paleontology and Evolutionary Biology,2022,3,4
Paleontology and Evolutionary Biology,2023,6,36
Paleontology and Evolutionary Biology,2024,5,26
Paleontology and Evolutionary Biology,2025,9,6
Paleontology and Evolutionary Biology,2026,2,0
Paleontology and Stratigraphy of Fossils,1959,1,2
Paleontology and Stratigraphy of Fossils,1960,1,2
Paleontology and Stratigraphy of Fossils,1964,1,1
Paleontology and Stratigraphy of Fossils,1965,1,13
Paleontology and Stratigraphy of Fossils,1966,1,4
Paleontology and Stratigraphy of Fossils,1972,1,14
Paleontology and Stratigraphy of Fossils,1976,1,20
Paleontology and Stratigraphy of Fossils,1979,1,3
Paleontology and Stratigraphy of Fossils,1980,2,40
Paleontology and Stratigraphy of Fossils,1981,1,26
Paleontology and Stratigraphy of Fossils,1982,4,104
Paleontology and Stratigraphy of Fossils,1983,1,3
Paleontology and Stratigraphy of Fossils,1985,5,172
Paleontology and Stratigraphy of Fossils,1986,2,106
Paleontology and Stratigraphy of Fossils,1987,14,302
Paleontology and Stratigraphy of Fossils,1988,2,52
Paleontology and Stratigraphy of Fossils,1989,7,183
Paleontology and Stratigraphy of Fossils,1990,6,202
Paleontology and Stratigraphy of Fossils,1991,7,101
Paleontology and Stratigraphy of Fossils,1992,7,294
Paleontology and Stratigraphy of Fossils,1993,9,434
Paleontology and Stratigraphy of Fossils,1994,8,420
Paleontology and Stratigraphy of Fossils,1995,12,349
Paleontology and Stratigraphy of Fossils,1996,9,294
Paleontology and Stratigraphy of Fossils,1997,8,750
Paleontology and Stratigraphy of Fossils,1998,16,272
Paleontology and Stratigraphy of Fossils,1999,17,784
Paleontology and Stratigraphy of Fossils,2000,21,480
Paleontology and Stratigraphy of Fossils,2001,12,321
Paleontology and Stratigraphy of Fossils,2002,13,856
Paleontology and Stratigraphy of Fossils,2003,15,669
Paleontology and Stratigraphy of Fossils,2004,20,888
Paleontology and Stratigraphy of Fossils,2005,29,1714
Paleontology and Stratigraphy of Fossils,2006,27,735
Paleontology and Stratigraphy of Fossils,2007,27,4524
Paleontology and Stratigraphy of Fossils,2008,34,1140
Paleontology and Stratigraphy of Fossils,2009,29,1123
Paleontology and Stratigraphy of Fossils,2010,36,1459
Paleontology and Stratigraphy of Fossils,2011,29,1915
Paleontology and Stratigraphy of Fossils,2012,17,682
Paleontology and Stratigraphy of Fossils,2013,25,1238
Paleontology and Stratigraphy of Fossils,2014,28,873
Paleontology and Stratigraphy of Fossils,2015,27,877
Paleontology and Stratigraphy of Fossils,2016,30,569
Paleontology and Stratigraphy of Fossils,2017,39,520
Paleontology and Stratigraphy of Fossils,2018,40,694
Paleontology and Stratigraphy of Fossils,2019,39,437
Paleontology and Stratigraphy of Fossils,2020,44,697
Paleontology and Stratigraphy of Fossils,2021,55,666
Paleontology and Stratigraphy of Fossils,2022,48,263
Paleontology and Stratigraphy of Fossils,2023,48,237
Paleontology and Stratigraphy of Fossils,2024,54,228
Paleontology and Stratigraphy of Fossils,2025,72,60
Paleontology and Stratigraphy of Fossils,2026,22,3
Paleopathology and ancient diseases,2020,1,0
Parasite Biology and Host Interactions,2004,1,25
Parasite Biology and Host Interactions,2008,1,0
Parasite Biology and Host Interactions,2018,1,1
Parasite Biology and Host Interactions,2024,1,4
Parasitic Infections and Diagnostics,1998,1,0
Peatlands and Wetlands Ecology,2023,1,15
Per- and polyfluoroalkyl substances research,2024,2,21
Perovskite Materials and Applications,2024,1,5
Petroleum Processing and Analysis,2007,1,40
Petroleum Processing and Analysis,2008,1,77
Petroleum Processing and Analysis,2010,2,144
Petroleum Processing and Analysis,2011,3,298
Petroleum Processing and Analysis,2012,3,270
Petroleum Processing and Analysis,2013,5,225
Petroleum Processing and Analysis,2014,6,197
Petroleum Processing and Analysis,2015,4,74
Petroleum Processing and Analysis,2016,7,147
Petroleum Processing and Analysis,2017,3,57
Petroleum Processing and Analysis,2018,6,101
Petroleum Processing and Analysis,2019,4,74
Petroleum Processing and Analysis,2020,5,64
Petroleum Processing and Analysis,2021,13,113
Petroleum Processing and Analysis,2022,16,231
Petroleum Processing and Analysis,2023,8,24
Petroleum Processing and Analysis,2024,7,30
Petroleum Processing and Analysis,2025,4,6
Petroleum Processing and Analysis,2026,1,0
Philosophy and History of Science,2005,1,0
Phosphodiesterase function and regulation,2006,1,82
Photovoltaic Systems and Sustainability,2021,1,14
Physics and Engineering Research Articles,2019,1,0
Physiological and biochemical adaptations,2020,1,9
Physiological and biochemical adaptations,2024,1,6
Pickering emulsions and particle stabilization,2020,1,15
Pickering emulsions and particle stabilization,2024,1,0
Planetary Science and Exploration,1986,1,22
Planetary Science and Exploration,2006,1,32
Planetary Science and Exploration,2010,2,64
Planetary Science and Exploration,2012,4,4
Planetary Science and Exploration,2015,13,16
Planetary Science and Exploration,2021,2,6
Planetary Science and Exploration,2022,6,5
Planetary Science and Exploration,2023,1,9
Planetary Science and Exploration,2024,1,0
Planetary Science and Exploration,2025,1,0
Planetary Science and Exploration,2026,1,0
Plant and animal studies,2012,1,0
Plant and Fungal Species Descriptions,2008,1,9
Plant and Fungal Species Descriptions,2009,1,37
Plant and Fungal Species Descriptions,2010,1,0
Plant and Fungal Species Descriptions,2013,1,78
Plant and Fungal Species Descriptions,2014,1,52
Plant and Fungal Species Descriptions,2016,1,79
Plant and Fungal Species Descriptions,2017,1,20
Plant and Fungal Species Descriptions,2025,1,0
Plant Diversity and Evolution,1994,1,31
Plant Diversity and Evolution,1996,1,182
Plant Diversity and Evolution,1997,1,294
Plant Diversity and Evolution,2005,1,88
Plant Diversity and Evolution,2006,1,7
Plant Diversity and Evolution,2008,3,28
Plant Diversity and Evolution,2009,4,349
Plant Diversity and Evolution,2010,2,0
Plant Diversity and Evolution,2012,1,0
Plant Diversity and Evolution,2013,4,79
Plant Diversity and Evolution,2014,2,59
Plant Diversity and Evolution,2015,2,27
Plant Diversity and Evolution,2016,4,130
Plant Diversity and Evolution,2017,2,20
Plant Diversity and Evolution,2019,1,4
Plant Diversity and Evolution,2021,1,10
Plant Diversity and Evolution,2022,1,7
Plant Diversity and Evolution,2023,1,6
Plant Diversity and Evolution,2025,4,1
Plant Diversity and Evolution,2026,2,0
Plant Ecology and Soil Science,2003,1,5
Plant Ecology and Taxonomy Studies,2015,1,8
Plant Ecology and Taxonomy Studies,2016,1,4
Plant Parasitism and Resistance,2016,1,79
Plant Pathogens and Fungal Diseases,2008,1,9
Plant Pathogens and Fungal Diseases,2015,1,1
Plant responses to elevated CO2,2013,1,1
Plant responses to water stress,2016,1,0
Plant Water Relations and Carbon Dynamics,2025,1,2
Pleistocene-Era Hominins and Archaeology,1962,1,4
Pleistocene-Era Hominins and Archaeology,1966,1,3
Pleistocene-Era Hominins and Archaeology,1970,1,0
Pleistocene-Era Hominins and Archaeology,1982,1,47
Pleistocene-Era Hominins and Archaeology,1985,1,79
Pleistocene-Era Hominins and Archaeology,1989,2,0
Pleistocene-Era Hominins and Archaeology,1994,2,55
Pleistocene-Era Hominins and Archaeology,1997,1,0
Pleistocene-Era Hominins and Archaeology,2000,2,69
Pleistocene-Era Hominins and Archaeology,2003,1,0
Pleistocene-Era Hominins and Archaeology,2005,1,3
Pleistocene-Era Hominins and Archaeology,2007,2,21
Pleistocene-Era Hominins and Archaeology,2008,1,0
Pleistocene-Era Hominins and Archaeology,2010,1,0
Pleistocene-Era Hominins and Archaeology,2011,1,7
Pleistocene-Era Hominins and Archaeology,2012,1,34
Pleistocene-Era Hominins and Archaeology,2014,2,24
Pleistocene-Era Hominins and Archaeology,2015,1,0
Pleistocene-Era Hominins and Archaeology,2016,1,47
Pleistocene-Era Hominins and Archaeology,2018,2,185
Pleistocene-Era Hominins and Archaeology,2022,1,87
Pleistocene-Era Hominins and Archaeology,2023,1,0
Pleistocene-Era Hominins and Archaeology,2024,1,1
Pleistocene-Era Hominins and Archaeology,2025,2,2
Polar Research and Ecology,1979,1,4
Polar Research and Ecology,2010,1,55
Polar Research and Ecology,2011,1,0
Polar Research and Ecology,2022,1,3
Polar Research and Ecology,2024,1,0
Polar Research and Ecology,2025,1,0
Porphyrin and Phthalocyanine Chemistry,2025,1,0
Power Line Inspection Robots,2014,1,0
Power System Optimization and Stability,2014,1,0
Precipitation Measurement and Analysis,2005,1,283
Primate Behavior and Ecology,2025,1,0
Protein Hydrolysis and Bioactive Peptides,2022,1,0
Protist diversity and phylogeny,2000,1,28
Protist diversity and phylogeny,2008,1,4
Protist diversity and phylogeny,2010,1,2
Protist diversity and phylogeny,2012,1,1
Protist diversity and phylogeny,2014,1,59
Protist diversity and phylogeny,2017,2,34
Protist diversity and phylogeny,2020,1,0
Protist diversity and phylogeny,2025,1,1
Quinazolinone synthesis and applications,2017,1,69
Radiation Detection and Scintillator Technologies,2015,1,5
Radiation Dose and Imaging,2024,1,7
Radioactive element chemistry and processing,1987,1,0
Radioactive element chemistry and processing,1989,1,32
Radioactive element chemistry and processing,1996,1,36
Radioactive element chemistry and processing,2005,1,5
Radioactive element chemistry and processing,2009,1,30
Radioactive element chemistry and processing,2010,1,8
Radioactive element chemistry and processing,2012,1,30
Radioactive element chemistry and processing,2015,4,67
Radioactive element chemistry and processing,2016,1,29
Radioactive element chemistry and processing,2017,1,10
Radioactive element chemistry and processing,2018,3,24
Radioactive element chemistry and processing,2020,2,33
Radioactive element chemistry and processing,2021,4,23
Radioactive element chemistry and processing,2022,1,201
Radioactive element chemistry and processing,2024,1,0
Radioactive element chemistry and processing,2025,3,3
Radioactivity and Radon Measurements,1996,1,36
Radioactivity and Radon Measurements,2017,1,58
Radioactivity and Radon Measurements,2020,1,14
Radioactivity and Radon Measurements,2024,1,7
Radioactivity and Radon Measurements,2025,1,5
Railway Engineering and Dynamics,2011,1,3
Rangeland Management and Livestock Ecology,2000,1,0
Rangeland Management and Livestock Ecology,2018,1,0
Rangeland Management and Livestock Ecology,2025,1,0
Real-Time Systems Scheduling,1986,1,0
Receptor Mechanisms and Signaling,1991,1,41
"Recreation, Leisure, Wilderness Management",2023,1,13
Recycled Aggregate Concrete Performance,2022,1,22
Recycling and utilization of industrial and municipal waste in materials production,2022,1,0
Recycling and utilization of industrial and municipal waste in materials production,2025,1,3
Recycling and utilization of industrial and municipal waste in materials production,2026,2,1
Recycling and Waste Management Techniques,2024,1,0
Remote Sensing and Land Use,2003,1,5
Remote Sensing and LiDAR Applications,2015,2,0
Remote Sensing and LiDAR Applications,2018,1,9
Remote Sensing and LiDAR Applications,2023,1,2
Remote Sensing and LiDAR Applications,2024,1,6
Remote Sensing in Agriculture,2003,1,0
Remote Sensing in Agriculture,2024,1,6
Remote-Sensing Image Classification,2003,1,132
Remote-Sensing Image Classification,2011,2,157
Remote-Sensing Image Classification,2013,1,91
Remote-Sensing Image Classification,2015,1,43
Remote-Sensing Image Classification,2020,1,1
Remote-Sensing Image Classification,2021,2,50
Remote-Sensing Image Classification,2022,3,23
Remote-Sensing Image Classification,2023,1,2
Remote-Sensing Image Classification,2024,1,6
Remote-Sensing Image Classification,2025,2,0
Remote-Sensing Image Classification,2026,1,0
Renaissance Literature and Culture,1995,1,8
Reproductive Biology and Fertility,1996,1,22
Reproductive Biology and Fertility,1997,1,14
Reproductive Biology and Fertility,1999,2,26
Reproductive Physiology in Livestock,1996,1,28
Reproductive Physiology in Livestock,1997,1,6
Reproductive Physiology in Livestock,2000,1,104
Reproductive System and Pregnancy,1999,1,8
Research Data Management Practices,2003,1,0
Reservoir Engineering and Simulation Methods,1987,1,39
Reservoir Engineering and Simulation Methods,1988,1,12
Reservoir Engineering and Simulation Methods,1990,1,33
Reservoir Engineering and Simulation Methods,1991,1,0
Reservoir Engineering and Simulation Methods,1992,1,1
Reservoir Engineering and Simulation Methods,1993,2,47
Reservoir Engineering and Simulation Methods,1995,1,1
Reservoir Engineering and Simulation Methods,1997,1,31
Reservoir Engineering and Simulation Methods,2001,2,7
Reservoir Engineering and Simulation Methods,2002,1,19
Reservoir Engineering and Simulation Methods,2003,1,3
Reservoir Engineering and Simulation Methods,2004,3,95
Reservoir Engineering and Simulation Methods,2005,2,0
Reservoir Engineering and Simulation Methods,2006,2,77
Reservoir Engineering and Simulation Methods,2008,8,33
Reservoir Engineering and Simulation Methods,2009,1,16
Reservoir Engineering and Simulation Methods,2010,10,8
Reservoir Engineering and Simulation Methods,2011,7,7
Reservoir Engineering and Simulation Methods,2012,4,12
Reservoir Engineering and Simulation Methods,2013,6,26
Reservoir Engineering and Simulation Methods,2014,1,0
Reservoir Engineering and Simulation Methods,2016,6,53
Reservoir Engineering and Simulation Methods,2017,9,36
Reservoir Engineering and Simulation Methods,2018,7,41
Reservoir Engineering and Simulation Methods,2019,5,117
Reservoir Engineering and Simulation Methods,2020,18,13
Reservoir Engineering and Simulation Methods,2021,9,31
Reservoir Engineering and Simulation Methods,2022,9,40
Reservoir Engineering and Simulation Methods,2023,11,123
Reservoir Engineering and Simulation Methods,2024,11,35
Reservoir Engineering and Simulation Methods,2025,14,5
Reservoir Engineering and Simulation Methods,2026,3,0
Robotics and Sensor-Based Localization,2024,1,1
Rock Mechanics and Modeling,1983,1,42
Rock Mechanics and Modeling,1990,1,0
Rock Mechanics and Modeling,2006,1,10
Rock Mechanics and Modeling,2014,1,14
Rock Mechanics and Modeling,2016,5,43
Rock Mechanics and Modeling,2017,2,32
Rock Mechanics and Modeling,2018,1,10
Rock Mechanics and Modeling,2019,1,0
Rock Mechanics and Modeling,2020,4,95
Rock Mechanics and Modeling,2021,2,29
Rock Mechanics and Modeling,2022,2,9
Rock Mechanics and Modeling,2023,4,53
Rock Mechanics and Modeling,2025,1,0
Satellite Image Processing and Photogrammetry,2015,4,0
Scheduling and Optimization Algorithms,1989,1,0
Science and Climate Studies,1997,1,0
Scientific Computing and Data Management,2021,2,117
Scientific Computing and Data Management,2023,1,0
Scientific Computing and Data Management,2025,1,0
Scientific Research and Discoveries,2015,6,0
Scientific Research and Philosophical Inquiry,2006,1,0
Seismic Imaging and Inversion Techniques,1981,1,54
Seismic Imaging and Inversion Techniques,1989,2,4
Seismic Imaging and Inversion Techniques,1994,1,3
Seismic Imaging and Inversion Techniques,1995,1,1
Seismic Imaging and Inversion Techniques,1999,1,13
Seismic Imaging and Inversion Techniques,2004,3,12
Seismic Imaging and Inversion Techniques,2006,1,4
Seismic Imaging and Inversion Techniques,2008,6,7
Seismic Imaging and Inversion Techniques,2009,2,1
Seismic Imaging and Inversion Techniques,2010,1,0
Seismic Imaging and Inversion Techniques,2011,12,119
Seismic Imaging and Inversion Techniques,2012,2,34
Seismic Imaging and Inversion Techniques,2013,5,34
Seismic Imaging and Inversion Techniques,2014,4,43
Seismic Imaging and Inversion Techniques,2015,6,9
Seismic Imaging and Inversion Techniques,2016,10,93
Seismic Imaging and Inversion Techniques,2017,21,128
Seismic Imaging and Inversion Techniques,2018,14,165
Seismic Imaging and Inversion Techniques,2019,19,116
Seismic Imaging and Inversion Techniques,2020,7,114
Seismic Imaging and Inversion Techniques,2021,23,138
Seismic Imaging and Inversion Techniques,2022,17,143
Seismic Imaging and Inversion Techniques,2023,12,95
Seismic Imaging and Inversion Techniques,2024,19,39
Seismic Imaging and Inversion Techniques,2025,25,15
Seismic Imaging and Inversion Techniques,2026,5,0
Seismic Performance and Analysis,2011,1,2
Seismic Performance and Analysis,2018,1,1
Seismic Performance and Analysis,2023,1,10
Seismic Waves and Analysis,1981,1,54
Seismic Waves and Analysis,1989,1,4
Seismic Waves and Analysis,2004,3,12
Seismic Waves and Analysis,2006,2,9
Seismic Waves and Analysis,2008,3,1
Seismic Waves and Analysis,2009,1,0
Seismic Waves and Analysis,2011,8,114
Seismic Waves and Analysis,2012,2,34
Seismic Waves and Analysis,2013,3,13
Seismic Waves and Analysis,2014,3,6
Seismic Waves and Analysis,2015,5,8
Seismic Waves and Analysis,2016,7,62
Seismic Waves and Analysis,2017,8,51
Seismic Waves and Analysis,2018,5,94
Seismic Waves and Analysis,2019,10,60
Seismic Waves and Analysis,2020,2,25
Seismic Waves and Analysis,2021,9,64
Seismic Waves and Analysis,2022,10,47
Seismic Waves and Analysis,2023,7,30
Seismic Waves and Analysis,2024,7,9
Seismic Waves and Analysis,2025,8,2
Seismic Waves and Analysis,2026,4,0
Seismology and Earthquake Studies,1981,1,54
Seismology and Earthquake Studies,2009,1,0
Seismology and Earthquake Studies,2011,3,59
Seismology and Earthquake Studies,2012,1,31
Seismology and Earthquake Studies,2013,2,10
Seismology and Earthquake Studies,2014,1,0
Seismology and Earthquake Studies,2015,2,7
Seismology and Earthquake Studies,2016,5,40
Seismology and Earthquake Studies,2017,7,74
Seismology and Earthquake Studies,2018,4,66
Seismology and Earthquake Studies,2019,5,17
Seismology and Earthquake Studies,2021,1,11
Seismology and Earthquake Studies,2022,3,14
Seismology and Earthquake Studies,2023,3,8
Seismology and Earthquake Studies,2024,5,20
Seismology and Earthquake Studies,2025,6,5
Seismology and Earthquake Studies,2026,2,0
Semantic Web and Ontologies,2010,1,1
Sensor Technology and Measurement Systems,2020,1,0
Sexual Differentiation and Disorders,1985,1,0
Sexual Differentiation and Disorders,1999,1,18
Social Acceptance of Renewable Energy,2013,1,35
Social Policies and Family,1975,1,0
Social Policies and Family,1983,1,0
Social Policies and Family,1985,1,0
Social Science and Policy Research,2003,1,0
Social Sciences and Governance,1975,1,0
Social Sciences and Governance,1983,1,0
Social Sciences and Governance,1985,1,0
Soft Robotics and Applications,2024,1,2
Software Engineering and Design Patterns,2010,1,1
Soil and Environmental Studies,2002,2,303
Soil and Environmental Studies,2006,1,57
Soil and Environmental Studies,2009,1,1
Soil and Environmental Studies,2022,1,1
Soil and Environmental Studies,2023,1,0
Soil and Land Suitability Analysis,2003,1,5
Soil and Land Suitability Analysis,2023,2,11
Soil and Unsaturated Flow,2013,1,39
Soil and Unsaturated Flow,2025,2,8
Soil erosion and sediment transport,2013,1,71
Soil erosion and sediment transport,2014,1,1
Soil erosion and sediment transport,2015,1,37
Soil erosion and sediment transport,2016,1,10
Soil erosion and sediment transport,2019,1,9
Soil erosion and sediment transport,2020,2,8
Soil erosion and sediment transport,2021,1,0
Soil erosion and sediment transport,2023,1,28
Soil erosion and sediment transport,2025,1,0
Soil Geostatistics and Mapping,2021,2,18
Soil Geostatistics and Mapping,2022,4,16
Soil Geostatistics and Mapping,2024,1,6
Soil Geostatistics and Mapping,2025,1,0
Soil Geostatistics and Mapping,2026,1,0
Soil Moisture and Remote Sensing,1982,1,28
Soil Moisture and Remote Sensing,2005,1,283
Soil Moisture and Remote Sensing,2010,1,4
Soil Moisture and Remote Sensing,2024,1,0
Solar and Space Plasma Dynamics,2015,6,0
Solar Radiation and Photovoltaics,2020,1,29
Solar Radiation and Photovoltaics,2022,1,30
Solar-Powered Water Purification Methods,2008,1,3
Solar-Powered Water Purification Methods,2023,1,30
Solid-state spectroscopy and crystallography,2021,1,0
Space Exploration and Technology,2012,2,1
Space Science and Extraterrestrial Life,2018,1,0
Space Science and Extraterrestrial Life,2021,1,0
Space Science and Extraterrestrial Life,2022,1,2
Spacecraft and Cryogenic Technologies,2015,10,0
Spacecraft and Cryogenic Technologies,2022,1,0
Spaceflight effects on biology,2021,1,0
Species Distribution and Climate Change,2003,1,0
Species Distribution and Climate Change,2021,1,4
Species Distribution and Climate Change,2022,1,0
Species Distribution and Climate Change,2025,1,0
Spectroscopy and Chemometric Analyses,2018,1,0
Spectroscopy and Chemometric Analyses,2019,1,0
Spectroscopy and Chemometric Analyses,2020,1,1
Spectroscopy and Chemometric Analyses,2021,4,15
Spectroscopy and Chemometric Analyses,2022,2,1
Spectroscopy and Chemometric Analyses,2024,1,13
Spectroscopy Techniques in Biomedical and Chemical Research,2009,1,0
Spectroscopy Techniques in Biomedical and Chemical Research,2018,2,121
Spectroscopy Techniques in Biomedical and Chemical Research,2019,1,73
Speech and Audio Processing,2025,1,4
Sperm and Testicular Function,1985,1,0
"Stellar, planetary, and galactic studies",2008,2,32
"Stellar, planetary, and galactic studies",2009,1,25
Structural Health Monitoring Techniques,2018,1,1
Structural Health Monitoring Techniques,2023,1,5
Stuttering Research and Treatment,2006,1,0
Subterranean biodiversity and taxonomy,1988,1,14
Subterranean biodiversity and taxonomy,2005,1,5
Subterranean biodiversity and taxonomy,2018,1,1
Subterranean biodiversity and taxonomy,2019,1,5
Subterranean biodiversity and taxonomy,2024,1,4
Subterranean biodiversity and taxonomy,2025,1,1
Supercapacitor Materials and Fabrication,2025,1,8
Surface Modification and Superhydrophobicity,2023,1,45
Sustainability and Ecological Systems Analysis,2018,1,0
"Syntax, Semantics, Linguistic Variation",2010,1,0
Synthetic Aperture Radar (SAR) Applications and Techniques,2023,1,2
Synthetic Aperture Radar (SAR) Applications and Techniques,2025,2,0
T-cell and B-cell Immunology,1975,1,99
T-cell and B-cell Immunology,1978,1,24
T-cell and B-cell Immunology,2021,1,31
Technology-Enhanced Education Studies,2019,1,2
Testicular diseases and treatments,1985,1,0
Thermal and Kinetic Analysis,2022,1,0
thermodynamics and calorimetric analyses,2016,1,1
Time Series Analysis and Forecasting,2021,1,19
Time Series Analysis and Forecasting,2025,1,10
Toxic Organic Pollutants Impact,2024,1,21
Transboundary Water Resource Management,2001,4,6
Transboundary Water Resource Management,2003,1,91
Transboundary Water Resource Management,2020,6,61
Transboundary Water Resource Management,2023,1,1
Transport Systems and Technology,2025,1,3
Transportation Safety and Impact Analysis,2019,1,0
Traumatic Brain Injury and Neurovascular Disturbances,2015,1,0
Tree Root and Stability Studies,2016,1,0
Tree-ring climate responses,1995,1,5
Tree-ring climate responses,2007,1,0
Tree-ring climate responses,2018,1,0
Tuberculosis Research and Epidemiology,2017,1,69
Tuberous Sclerosis Complex Research,2005,1,11
Tunneling and Rock Mechanics,1983,1,42
Tunneling and Rock Mechanics,2016,1,7
Tunneling and Rock Mechanics,2019,3,43
Tunneling and Rock Mechanics,2020,1,12
Tunneling and Rock Mechanics,2022,1,18
Tunneling and Rock Mechanics,2023,2,5
Turtle Biology and Conservation,2017,1,1
Twentieth Century Scientific Developments,1987,1,0
UAV Applications and Optimization,2024,1,1
Ultrasonics and Acoustic Wave Propagation,1994,1,3
Ultrasonics and Acoustic Wave Propagation,2018,1,0
Underwater Acoustics Research,2006,1,5
Underwater Acoustics Research,2011,2,5
Underwater Acoustics Research,2016,3,31
Underwater Acoustics Research,2018,1,0
Underwater Acoustics Research,2022,2,24
Underwater Acoustics Research,2023,1,5
Underwater Acoustics Research,2025,1,4
Underwater Vehicles and Communication Systems,2024,1,6
Urban Green Space and Health,2023,1,12
Urban Heat Island Mitigation,2023,1,12
Urban Heat Island Mitigation,2025,1,2
Vascular Tumors and Angiosarcomas,2005,1,11
Vehicle emissions and performance,2000,1,17
Vehicle emissions and performance,2002,2,0
Vehicle emissions and performance,2021,1,3
Veterinary Medicine and Surgery,1996,1,28
Vibration and Dynamic Analysis,2014,1,0
Visual Culture and Art Theory,2022,1,0
Wastewater Treatment and Reuse,2020,1,6
Wastewater Treatment and Reuse,2024,1,28
Water management and technologies,1996,1,0
Water management and technologies,2001,2,1
Water management and technologies,2010,1,11
Water management and technologies,2016,1,2
Water management and technologies,2020,5,20
Water management and technologies,2023,2,1
Water Quality and Pollution Assessment,2016,1,2
Water Quality and Pollution Assessment,2018,1,3
Water Quality and Pollution Assessment,2019,2,7
Water Quality and Pollution Assessment,2020,2,4
Water Quality and Pollution Assessment,2022,3,119
Water Quality and Pollution Assessment,2023,3,14
Water Quality and Pollution Assessment,2024,3,9
Water Quality and Pollution Assessment,2025,3,16
Water Quality Monitoring and Analysis,1989,1,0
Water Quality Monitoring and Analysis,2022,2,9
Water Quality Monitoring and Analysis,2024,1,0
Water Quality Monitoring Technologies,2022,1,58
Water Quality Monitoring Technologies,2023,4,130
Water resources management and optimization,2001,1,0
Water resources management and optimization,2003,1,91
Water resources management and optimization,2020,6,75
Water resources management and optimization,2024,1,28
Water Systems and Optimization,2019,3,7
Water-Energy-Food Nexus Studies,2001,2,1
Water-Energy-Food Nexus Studies,2003,1,91
Water-Energy-Food Nexus Studies,2020,4,17
Whitehead's Philosophy and Applications,1997,1,0
Wildlife Ecology and Conservation,2016,1,47
Wind Energy Research and Development,2021,1,48
Wood and Agarwood Research,2005,1,50
X-ray Diffraction in Crystallography,2017,1,3
X-ray Diffraction in Crystallography,2020,4,0
X-ray Diffraction in Crystallography,2022,2,27
X-ray Spectroscopy and Fluorescence Analysis,2022,1,0
Xenotransplantation and immune response,1985,1,2
Zeolite Catalysis and Synthesis,2025,2,2